fileid,folder,signer,label,num_frames,original_info
112_alikhlas_1_2_3,dev/112_alikhlas_1_2_3/*.jpg,signer-1,a llā hu ṣṣa ma d,155,112_alikhlas_1_2_3|112_alikhlas_1_2_3/*.jpg|signer-1|a llā hu ṣṣa ma d
112_alikhlas_1_2_6,dev/112_alikhlas_1_2_6/*.jpg,signer-1,a llā hu ṣṣa ma d,161,112_alikhlas_1_2_6|112_alikhlas_1_2_6/*.jpg|signer-1|a llā hu ṣṣa ma d
112_alikhlas_1_2_8,dev/112_alikhlas_1_2_8/*.jpg,signer-1,a llā hu ṣṣa ma d,149,112_alikhlas_1_2_8|112_alikhlas_1_2_8/*.jpg|signer-1|a llā hu ṣṣa ma d
112_alikhlas_1_3_1,dev/112_alikhlas_1_3_1/*.jpg,signer-1,la m ya li d wa la m yū la d,259,112_alikhlas_1_3_1|112_alikhlas_1_3_1/*.jpg|signer-1|la m ya li d wa la m yū la d
112_alikhlas_1_3_10,dev/112_alikhlas_1_3_10/*.jpg,signer-1,la m ya li d wa la m yū la d,232,112_alikhlas_1_3_10|112_alikhlas_1_3_10/*.jpg|signer-1|la m ya li d wa la m yū la d
112_alikhlas_1_4_3,dev/112_alikhlas_1_4_3/*.jpg,signer-1,wa la m ya ku l la hū ku fu wa n a ḥa d,354,112_alikhlas_1_4_3|112_alikhlas_1_4_3/*.jpg|signer-1|wa la m ya ku l la hū ku fu wa n a ḥa d
112_alikhlas_1_4_5,dev/112_alikhlas_1_4_5/*.jpg,signer-1,wa la m ya ku l la hū ku fu wa n a ḥa d,328,112_alikhlas_1_4_5|112_alikhlas_1_4_5/*.jpg|signer-1|wa la m ya ku l la hū ku fu wa n a ḥa d
112_alikhlas_3_1_3,dev/112_alikhlas_3_1_3/*.jpg,signer-3,qu l hu wa allā hu a ḥa d,177,112_alikhlas_3_1_3|112_alikhlas_3_1_3/*.jpg|signer-3|qu l hu wa allā hu a ḥa d
112_alikhlas_3_1_4,dev/112_alikhlas_3_1_4/*.jpg,signer-3,qu l hu wa allā hu a ḥa d,215,112_alikhlas_3_1_4|112_alikhlas_3_1_4/*.jpg|signer-3|qu l hu wa allā hu a ḥa d
112_alikhlas_3_1_6,dev/112_alikhlas_3_1_6/*.jpg,signer-3,qu l hu wa allā hu a ḥa d,198,112_alikhlas_3_1_6|112_alikhlas_3_1_6/*.jpg|signer-3|qu l hu wa allā hu a ḥa d
112_alikhlas_3_2_3,dev/112_alikhlas_3_2_3/*.jpg,signer-3,a llā hu ṣṣa ma d,152,112_alikhlas_3_2_3|112_alikhlas_3_2_3/*.jpg|signer-3|a llā hu ṣṣa ma d
112_alikhlas_3_2_8,dev/112_alikhlas_3_2_8/*.jpg,signer-3,a llā hu ṣṣa ma d,143,112_alikhlas_3_2_8|112_alikhlas_3_2_8/*.jpg|signer-3|a llā hu ṣṣa ma d
112_alikhlas_3_3_7,dev/112_alikhlas_3_3_7/*.jpg,signer-3,la m ya li d wa la m yū la d,209,112_alikhlas_3_3_7|112_alikhlas_3_3_7/*.jpg|signer-3|la m ya li d wa la m yū la d
112_alikhlas_3_3_8,dev/112_alikhlas_3_3_8/*.jpg,signer-3,la m ya li d wa la m yū la d,214,112_alikhlas_3_3_8|112_alikhlas_3_3_8/*.jpg|signer-3|la m ya li d wa la m yū la d
112_alikhlas_3_3_9,dev/112_alikhlas_3_3_9/*.jpg,signer-3,la m ya li d wa la m yū la d,212,112_alikhlas_3_3_9|112_alikhlas_3_3_9/*.jpg|signer-3|la m ya li d wa la m yū la d
112_alikhlas_3_4_4,dev/112_alikhlas_3_4_4/*.jpg,signer-3,wa la m ya ku l la hū ku fu wa n a ḥa d,271,112_alikhlas_3_4_4|112_alikhlas_3_4_4/*.jpg|signer-3|wa la m ya ku l la hū ku fu wa n a ḥa d
112_alikhlas_3_4_5,dev/112_alikhlas_3_4_5/*.jpg,signer-3,wa la m ya ku l la hū ku fu wa n a ḥa d,275,112_alikhlas_3_4_5|112_alikhlas_3_4_5/*.jpg|signer-3|wa la m ya ku l la hū ku fu wa n a ḥa d
112_alikhlas_3_4_6,dev/112_alikhlas_3_4_6/*.jpg,signer-3,wa la m ya ku l la hū ku fu wa n a ḥa d,266,112_alikhlas_3_4_6|112_alikhlas_3_4_6/*.jpg|signer-3|wa la m ya ku l la hū ku fu wa n a ḥa d
112_alikhlas_3_4_8,dev/112_alikhlas_3_4_8/*.jpg,signer-3,wa la m ya ku l la hū ku fu wa n a ḥa d,271,112_alikhlas_3_4_8|112_alikhlas_3_4_8/*.jpg|signer-3|wa la m ya ku l la hū ku fu wa n a ḥa d
1_alfatihah_1_2_6,dev/1_alfatihah_1_2_6/*.jpg,signer-1,al ḥa m du li llā hi ra bbi l 'ā la mī n,426,1_alfatihah_1_2_6|1_alfatihah_1_2_6/*.jpg|signer-1|al ḥa m du li llā hi ra bbi l 'ā la mī n
1_alfatihah_1_3_4,dev/1_alfatihah_1_3_4/*.jpg,signer-1,a rra ḥ mā ni rra ḥī m,213,1_alfatihah_1_3_4|1_alfatihah_1_3_4/*.jpg|signer-1|a rra ḥ mā ni rra ḥī m
1_alfatihah_1_3_5,dev/1_alfatihah_1_3_5/*.jpg,signer-1,a rra ḥ mā ni rra ḥī m,194,1_alfatihah_1_3_5|1_alfatihah_1_3_5/*.jpg|signer-1|a rra ḥ mā ni rra ḥī m
1_alfatihah_1_4_2,dev/1_alfatihah_1_4_2/*.jpg,signer-1,mā li ki ya u mi ddī n ,204,1_alfatihah_1_4_2|1_alfatihah_1_4_2/*.jpg|signer-1|mā li ki ya u mi ddī n 
1_alfatihah_1_4_4,dev/1_alfatihah_1_4_4/*.jpg,signer-1,mā li ki ya u mi ddī n ,214,1_alfatihah_1_4_4|1_alfatihah_1_4_4/*.jpg|signer-1|mā li ki ya u mi ddī n 
1_alfatihah_1_4_5,dev/1_alfatihah_1_4_5/*.jpg,signer-1,mā li ki ya u mi ddī n ,207,1_alfatihah_1_4_5|1_alfatihah_1_4_5/*.jpg|signer-1|mā li ki ya u mi ddī n 
1_alfatihah_1_4_7,dev/1_alfatihah_1_4_7/*.jpg,signer-1,mā li ki ya u mi ddī n ,200,1_alfatihah_1_4_7|1_alfatihah_1_4_7/*.jpg|signer-1|mā li ki ya u mi ddī n 
1_alfatihah_1_5_2,dev/1_alfatihah_1_5_2/*.jpg,signer-1,i yyā ka na ' bu du wa i yyā ka na s ta 'ī n,448,1_alfatihah_1_5_2|1_alfatihah_1_5_2/*.jpg|signer-1|i yyā ka na ' bu du wa i yyā ka na s ta 'ī n
1_alfatihah_1_5_5,dev/1_alfatihah_1_5_5/*.jpg,signer-1,i yyā ka na ' bu du wa i yyā ka na s ta 'ī n,499,1_alfatihah_1_5_5|1_alfatihah_1_5_5/*.jpg|signer-1|i yyā ka na ' bu du wa i yyā ka na s ta 'ī n
1_alfatihah_1_5_8,dev/1_alfatihah_1_5_8/*.jpg,signer-1,i yyā ka na ' bu du wa i yyā ka na s ta 'ī n,523,1_alfatihah_1_5_8|1_alfatihah_1_5_8/*.jpg|signer-1|i yyā ka na ' bu du wa i yyā ka na s ta 'ī n
1_alfatihah_1_6_10,dev/1_alfatihah_1_6_10/*.jpg,signer-1,i h di na ṣṣi rā ṭa l mu s ta qī m,322,1_alfatihah_1_6_10|1_alfatihah_1_6_10/*.jpg|signer-1|i h di na ṣṣi rā ṭa l mu s ta qī m
1_alfatihah_1_6_2,dev/1_alfatihah_1_6_2/*.jpg,signer-1,i h di na ṣṣi rā ṭa l mu s ta qī m,364,1_alfatihah_1_6_2|1_alfatihah_1_6_2/*.jpg|signer-1|i h di na ṣṣi rā ṭa l mu s ta qī m
1_alfatihah_1_7a_5,dev/1_alfatihah_1_7a_5/*.jpg,signer-1,ṣi rā ṭa lla żī na a n ‘a m ta ‘a la i hi m,409,1_alfatihah_1_7a_5|1_alfatihah_1_7a_5/*.jpg|signer-1|ṣi rā ṭa lla żī na a n ‘a m ta ‘a la i hi m
1_alfatihah_1_7a_9,dev/1_alfatihah_1_7a_9/*.jpg,signer-1,ṣi rā ṭa lla żī na a n ‘a m ta ‘a la i hi m,380,1_alfatihah_1_7a_9|1_alfatihah_1_7a_9/*.jpg|signer-1|ṣi rā ṭa lla żī na a n ‘a m ta ‘a la i hi m
1_alfatihah_3_1_2,dev/1_alfatihah_3_1_2/*.jpg,signer-3,bi s mi allā hi rra ḥ mā ni rra ḥī m,305,1_alfatihah_3_1_2|1_alfatihah_3_1_2/*.jpg|signer-3|bi s mi allā hi rra ḥ mā ni rra ḥī m
1_alfatihah_3_1_7,dev/1_alfatihah_3_1_7/*.jpg,signer-3,bi s mi allā hi rra ḥ mā ni rra ḥī m,295,1_alfatihah_3_1_7|1_alfatihah_3_1_7/*.jpg|signer-3|bi s mi allā hi rra ḥ mā ni rra ḥī m
1_alfatihah_3_2_9,dev/1_alfatihah_3_2_9/*.jpg,signer-3,al ḥa m du li llā hi ra bbi l 'ā la mī n,330,1_alfatihah_3_2_9|1_alfatihah_3_2_9/*.jpg|signer-3|al ḥa m du li llā hi ra bbi l 'ā la mī n
1_alfatihah_3_3_1,dev/1_alfatihah_3_3_1/*.jpg,signer-3,a rra ḥ mā ni rra ḥī m,190,1_alfatihah_3_3_1|1_alfatihah_3_3_1/*.jpg|signer-3|a rra ḥ mā ni rra ḥī m
1_alfatihah_3_3_3,dev/1_alfatihah_3_3_3/*.jpg,signer-3,a rra ḥ mā ni rra ḥī m,200,1_alfatihah_3_3_3|1_alfatihah_3_3_3/*.jpg|signer-3|a rra ḥ mā ni rra ḥī m
1_alfatihah_3_3_8,dev/1_alfatihah_3_3_8/*.jpg,signer-3,a rra ḥ mā ni rra ḥī m,214,1_alfatihah_3_3_8|1_alfatihah_3_3_8/*.jpg|signer-3|a rra ḥ mā ni rra ḥī m
1_alfatihah_3_4_2,dev/1_alfatihah_3_4_2/*.jpg,signer-3,mā li ki ya u mi ddī n ,191,1_alfatihah_3_4_2|1_alfatihah_3_4_2/*.jpg|signer-3|mā li ki ya u mi ddī n 
1_alfatihah_3_5_2,dev/1_alfatihah_3_5_2/*.jpg,signer-3,i yyā ka na ' bu du wa i yyā ka na s ta 'ī n,319,1_alfatihah_3_5_2|1_alfatihah_3_5_2/*.jpg|signer-3|i yyā ka na ' bu du wa i yyā ka na s ta 'ī n
1_alfatihah_3_5_9,dev/1_alfatihah_3_5_9/*.jpg,signer-3,i yyā ka na ' bu du wa i yyā ka na s ta 'ī n,329,1_alfatihah_3_5_9|1_alfatihah_3_5_9/*.jpg|signer-3|i yyā ka na ' bu du wa i yyā ka na s ta 'ī n
1_alfatihah_3_6_3,dev/1_alfatihah_3_6_3/*.jpg,signer-3,i h di na ṣṣi rā ṭa l mu s ta qī m,265,1_alfatihah_3_6_3|1_alfatihah_3_6_3/*.jpg|signer-3|i h di na ṣṣi rā ṭa l mu s ta qī m
1_alfatihah_3_6_6,dev/1_alfatihah_3_6_6/*.jpg,signer-3,i h di na ṣṣi rā ṭa l mu s ta qī m,262,1_alfatihah_3_6_6|1_alfatihah_3_6_6/*.jpg|signer-3|i h di na ṣṣi rā ṭa l mu s ta qī m
1_alfatihah_3_6_9,dev/1_alfatihah_3_6_9/*.jpg,signer-3,i h di na ṣṣi rā ṭa l mu s ta qī m,264,1_alfatihah_3_6_9|1_alfatihah_3_6_9/*.jpg|signer-3|i h di na ṣṣi rā ṭa l mu s ta qī m
1_alfatihah_3_7a_4,dev/1_alfatihah_3_7a_4/*.jpg,signer-3,ṣi rā ṭa lla żī na a n ‘a m ta ‘a la i hi m,276,1_alfatihah_3_7a_4|1_alfatihah_3_7a_4/*.jpg|signer-3|ṣi rā ṭa lla żī na a n ‘a m ta ‘a la i hi m
1_alfatihah_3_7b_3,dev/1_alfatihah_3_7b_3/*.jpg,signer-3,ga i ri l ma g ḍū bi ‘a la i hi m wa la ḍḍā llī n,546,1_alfatihah_3_7b_3|1_alfatihah_3_7b_3/*.jpg|signer-3|ga i ri l ma g ḍū bi ‘a la i hi m wa la ḍḍā llī n
112_alikhlas_2_1_1,test/112_alikhlas_2_1_1/*.jpg,signer-2,qu l hu wa allā hu a ḥa d,253,112_alikhlas_2_1_1|112_alikhlas_2_1_1/*.jpg|signer-2|qu l hu wa allā hu a ḥa d
112_alikhlas_2_1_10,test/112_alikhlas_2_1_10/*.jpg,signer-2,qu l hu wa allā hu a ḥa d,257,112_alikhlas_2_1_10|112_alikhlas_2_1_10/*.jpg|signer-2|qu l hu wa allā hu a ḥa d
112_alikhlas_2_1_2,test/112_alikhlas_2_1_2/*.jpg,signer-2,qu l hu wa allā hu a ḥa d,227,112_alikhlas_2_1_2|112_alikhlas_2_1_2/*.jpg|signer-2|qu l hu wa allā hu a ḥa d
112_alikhlas_2_1_3,test/112_alikhlas_2_1_3/*.jpg,signer-2,qu l hu wa allā hu a ḥa d,264,112_alikhlas_2_1_3|112_alikhlas_2_1_3/*.jpg|signer-2|qu l hu wa allā hu a ḥa d
112_alikhlas_2_1_4,test/112_alikhlas_2_1_4/*.jpg,signer-2,qu l hu wa allā hu a ḥa d,240,112_alikhlas_2_1_4|112_alikhlas_2_1_4/*.jpg|signer-2|qu l hu wa allā hu a ḥa d
112_alikhlas_2_1_5,test/112_alikhlas_2_1_5/*.jpg,signer-2,qu l hu wa allā hu a ḥa d,213,112_alikhlas_2_1_5|112_alikhlas_2_1_5/*.jpg|signer-2|qu l hu wa allā hu a ḥa d
112_alikhlas_2_1_6,test/112_alikhlas_2_1_6/*.jpg,signer-2,qu l hu wa allā hu a ḥa d,223,112_alikhlas_2_1_6|112_alikhlas_2_1_6/*.jpg|signer-2|qu l hu wa allā hu a ḥa d
112_alikhlas_2_1_7,test/112_alikhlas_2_1_7/*.jpg,signer-2,qu l hu wa allā hu a ḥa d,246,112_alikhlas_2_1_7|112_alikhlas_2_1_7/*.jpg|signer-2|qu l hu wa allā hu a ḥa d
112_alikhlas_2_1_8,test/112_alikhlas_2_1_8/*.jpg,signer-2,qu l hu wa allā hu a ḥa d,227,112_alikhlas_2_1_8|112_alikhlas_2_1_8/*.jpg|signer-2|qu l hu wa allā hu a ḥa d
112_alikhlas_2_1_9,test/112_alikhlas_2_1_9/*.jpg,signer-2,qu l hu wa allā hu a ḥa d,261,112_alikhlas_2_1_9|112_alikhlas_2_1_9/*.jpg|signer-2|qu l hu wa allā hu a ḥa d
112_alikhlas_2_2_1,test/112_alikhlas_2_2_1/*.jpg,signer-2,a llā hu ṣṣa ma d,167,112_alikhlas_2_2_1|112_alikhlas_2_2_1/*.jpg|signer-2|a llā hu ṣṣa ma d
112_alikhlas_2_2_10,test/112_alikhlas_2_2_10/*.jpg,signer-2,a llā hu ṣṣa ma d,156,112_alikhlas_2_2_10|112_alikhlas_2_2_10/*.jpg|signer-2|a llā hu ṣṣa ma d
112_alikhlas_2_2_2,test/112_alikhlas_2_2_2/*.jpg,signer-2,a llā hu ṣṣa ma d,154,112_alikhlas_2_2_2|112_alikhlas_2_2_2/*.jpg|signer-2|a llā hu ṣṣa ma d
112_alikhlas_2_2_3,test/112_alikhlas_2_2_3/*.jpg,signer-2,a llā hu ṣṣa ma d,153,112_alikhlas_2_2_3|112_alikhlas_2_2_3/*.jpg|signer-2|a llā hu ṣṣa ma d
112_alikhlas_2_2_4,test/112_alikhlas_2_2_4/*.jpg,signer-2,a llā hu ṣṣa ma d,162,112_alikhlas_2_2_4|112_alikhlas_2_2_4/*.jpg|signer-2|a llā hu ṣṣa ma d
112_alikhlas_2_2_5,test/112_alikhlas_2_2_5/*.jpg,signer-2,a llā hu ṣṣa ma d,162,112_alikhlas_2_2_5|112_alikhlas_2_2_5/*.jpg|signer-2|a llā hu ṣṣa ma d
112_alikhlas_2_2_6,test/112_alikhlas_2_2_6/*.jpg,signer-2,a llā hu ṣṣa ma d,146,112_alikhlas_2_2_6|112_alikhlas_2_2_6/*.jpg|signer-2|a llā hu ṣṣa ma d
112_alikhlas_2_2_7,test/112_alikhlas_2_2_7/*.jpg,signer-2,a llā hu ṣṣa ma d,147,112_alikhlas_2_2_7|112_alikhlas_2_2_7/*.jpg|signer-2|a llā hu ṣṣa ma d
112_alikhlas_2_2_8,test/112_alikhlas_2_2_8/*.jpg,signer-2,a llā hu ṣṣa ma d,149,112_alikhlas_2_2_8|112_alikhlas_2_2_8/*.jpg|signer-2|a llā hu ṣṣa ma d
112_alikhlas_2_2_9,test/112_alikhlas_2_2_9/*.jpg,signer-2,a llā hu ṣṣa ma d,141,112_alikhlas_2_2_9|112_alikhlas_2_2_9/*.jpg|signer-2|a llā hu ṣṣa ma d
112_alikhlas_2_3_1,test/112_alikhlas_2_3_1/*.jpg,signer-2,la m ya li d wa la m yū la d,282,112_alikhlas_2_3_1|112_alikhlas_2_3_1/*.jpg|signer-2|la m ya li d wa la m yū la d
112_alikhlas_2_3_10,test/112_alikhlas_2_3_10/*.jpg,signer-2,la m ya li d wa la m yū la d,271,112_alikhlas_2_3_10|112_alikhlas_2_3_10/*.jpg|signer-2|la m ya li d wa la m yū la d
112_alikhlas_2_3_11,test/112_alikhlas_2_3_11/*.jpg,signer-2,la m ya li d wa la m yū la d,270,112_alikhlas_2_3_11|112_alikhlas_2_3_11/*.jpg|signer-2|la m ya li d wa la m yū la d
112_alikhlas_2_3_12,test/112_alikhlas_2_3_12/*.jpg,signer-2,la m ya li d wa la m yū la d,283,112_alikhlas_2_3_12|112_alikhlas_2_3_12/*.jpg|signer-2|la m ya li d wa la m yū la d
112_alikhlas_2_3_13,test/112_alikhlas_2_3_13/*.jpg,signer-2,la m ya li d wa la m yū la d,286,112_alikhlas_2_3_13|112_alikhlas_2_3_13/*.jpg|signer-2|la m ya li d wa la m yū la d
112_alikhlas_2_3_14,test/112_alikhlas_2_3_14/*.jpg,signer-2,la m ya li d wa la m yū la d,279,112_alikhlas_2_3_14|112_alikhlas_2_3_14/*.jpg|signer-2|la m ya li d wa la m yū la d
112_alikhlas_2_3_15,test/112_alikhlas_2_3_15/*.jpg,signer-2,la m ya li d wa la m yū la d,294,112_alikhlas_2_3_15|112_alikhlas_2_3_15/*.jpg|signer-2|la m ya li d wa la m yū la d
112_alikhlas_2_3_16,test/112_alikhlas_2_3_16/*.jpg,signer-2,la m ya li d wa la m yū la d,292,112_alikhlas_2_3_16|112_alikhlas_2_3_16/*.jpg|signer-2|la m ya li d wa la m yū la d
112_alikhlas_2_3_17,test/112_alikhlas_2_3_17/*.jpg,signer-2,la m ya li d wa la m yū la d,305,112_alikhlas_2_3_17|112_alikhlas_2_3_17/*.jpg|signer-2|la m ya li d wa la m yū la d
112_alikhlas_2_3_18,test/112_alikhlas_2_3_18/*.jpg,signer-2,la m ya li d wa la m yū la d,279,112_alikhlas_2_3_18|112_alikhlas_2_3_18/*.jpg|signer-2|la m ya li d wa la m yū la d
112_alikhlas_2_3_2,test/112_alikhlas_2_3_2/*.jpg,signer-2,la m ya li d wa la m yū la d,263,112_alikhlas_2_3_2|112_alikhlas_2_3_2/*.jpg|signer-2|la m ya li d wa la m yū la d
112_alikhlas_2_3_3,test/112_alikhlas_2_3_3/*.jpg,signer-2,la m ya li d wa la m yū la d,256,112_alikhlas_2_3_3|112_alikhlas_2_3_3/*.jpg|signer-2|la m ya li d wa la m yū la d
112_alikhlas_2_3_4,test/112_alikhlas_2_3_4/*.jpg,signer-2,la m ya li d wa la m yū la d,244,112_alikhlas_2_3_4|112_alikhlas_2_3_4/*.jpg|signer-2|la m ya li d wa la m yū la d
112_alikhlas_2_3_5,test/112_alikhlas_2_3_5/*.jpg,signer-2,la m ya li d wa la m yū la d,247,112_alikhlas_2_3_5|112_alikhlas_2_3_5/*.jpg|signer-2|la m ya li d wa la m yū la d
112_alikhlas_2_3_6,test/112_alikhlas_2_3_6/*.jpg,signer-2,la m ya li d wa la m yū la d,247,112_alikhlas_2_3_6|112_alikhlas_2_3_6/*.jpg|signer-2|la m ya li d wa la m yū la d
112_alikhlas_2_3_7,test/112_alikhlas_2_3_7/*.jpg,signer-2,la m ya li d wa la m yū la d,250,112_alikhlas_2_3_7|112_alikhlas_2_3_7/*.jpg|signer-2|la m ya li d wa la m yū la d
112_alikhlas_2_3_8,test/112_alikhlas_2_3_8/*.jpg,signer-2,la m ya li d wa la m yū la d,267,112_alikhlas_2_3_8|112_alikhlas_2_3_8/*.jpg|signer-2|la m ya li d wa la m yū la d
112_alikhlas_2_3_9,test/112_alikhlas_2_3_9/*.jpg,signer-2,la m ya li d wa la m yū la d,253,112_alikhlas_2_3_9|112_alikhlas_2_3_9/*.jpg|signer-2|la m ya li d wa la m yū la d
112_alikhlas_2_4_1,test/112_alikhlas_2_4_1/*.jpg,signer-2,wa la m ya ku l la hū ku fu wa n a ḥa d,337,112_alikhlas_2_4_1|112_alikhlas_2_4_1/*.jpg|signer-2|wa la m ya ku l la hū ku fu wa n a ḥa d
112_alikhlas_2_4_2,test/112_alikhlas_2_4_2/*.jpg,signer-2,wa la m ya ku l la hū ku fu wa n a ḥa d,327,112_alikhlas_2_4_2|112_alikhlas_2_4_2/*.jpg|signer-2|wa la m ya ku l la hū ku fu wa n a ḥa d
112_alikhlas_2_4_3,test/112_alikhlas_2_4_3/*.jpg,signer-2,wa la m ya ku l la hū ku fu wa n a ḥa d,323,112_alikhlas_2_4_3|112_alikhlas_2_4_3/*.jpg|signer-2|wa la m ya ku l la hū ku fu wa n a ḥa d
112_alikhlas_2_4_4,test/112_alikhlas_2_4_4/*.jpg,signer-2,wa la m ya ku l la hū ku fu wa n a ḥa d,326,112_alikhlas_2_4_4|112_alikhlas_2_4_4/*.jpg|signer-2|wa la m ya ku l la hū ku fu wa n a ḥa d
112_alikhlas_2_4_5,test/112_alikhlas_2_4_5/*.jpg,signer-2,wa la m ya ku l la hū ku fu wa n a ḥa d,332,112_alikhlas_2_4_5|112_alikhlas_2_4_5/*.jpg|signer-2|wa la m ya ku l la hū ku fu wa n a ḥa d
112_alikhlas_2_4_6,test/112_alikhlas_2_4_6/*.jpg,signer-2,wa la m ya ku l la hū ku fu wa n a ḥa d,350,112_alikhlas_2_4_6|112_alikhlas_2_4_6/*.jpg|signer-2|wa la m ya ku l la hū ku fu wa n a ḥa d
112_alikhlas_2_4_7,test/112_alikhlas_2_4_7/*.jpg,signer-2,wa la m ya ku l la hū ku fu wa n a ḥa d,350,112_alikhlas_2_4_7|112_alikhlas_2_4_7/*.jpg|signer-2|wa la m ya ku l la hū ku fu wa n a ḥa d
112_alikhlas_2_4_8,test/112_alikhlas_2_4_8/*.jpg,signer-2,wa la m ya ku l la hū ku fu wa n a ḥa d,332,112_alikhlas_2_4_8|112_alikhlas_2_4_8/*.jpg|signer-2|wa la m ya ku l la hū ku fu wa n a ḥa d
112_alikhlas_2_4_9,test/112_alikhlas_2_4_9/*.jpg,signer-2,wa la m ya ku l la hū ku fu wa n a ḥa d,344,112_alikhlas_2_4_9|112_alikhlas_2_4_9/*.jpg|signer-2|wa la m ya ku l la hū ku fu wa n a ḥa d
1_alfatihah_2_1_1,test/1_alfatihah_2_1_1/*.jpg,signer-2,bi s mi allā hi rra ḥ mā ni rra ḥī m,316,1_alfatihah_2_1_1|1_alfatihah_2_1_1/*.jpg|signer-2|bi s mi allā hi rra ḥ mā ni rra ḥī m
1_alfatihah_2_1_10,test/1_alfatihah_2_1_10/*.jpg,signer-2,bi s mi allā hi rra ḥ mā ni rra ḥī m,273,1_alfatihah_2_1_10|1_alfatihah_2_1_10/*.jpg|signer-2|bi s mi allā hi rra ḥ mā ni rra ḥī m
1_alfatihah_2_1_2,test/1_alfatihah_2_1_2/*.jpg,signer-2,bi s mi allā hi rra ḥ mā ni rra ḥī m,280,1_alfatihah_2_1_2|1_alfatihah_2_1_2/*.jpg|signer-2|bi s mi allā hi rra ḥ mā ni rra ḥī m
1_alfatihah_2_1_3,test/1_alfatihah_2_1_3/*.jpg,signer-2,bi s mi allā hi rra ḥ mā ni rra ḥī m,280,1_alfatihah_2_1_3|1_alfatihah_2_1_3/*.jpg|signer-2|bi s mi allā hi rra ḥ mā ni rra ḥī m
1_alfatihah_2_1_4,test/1_alfatihah_2_1_4/*.jpg,signer-2,bi s mi allā hi rra ḥ mā ni rra ḥī m,288,1_alfatihah_2_1_4|1_alfatihah_2_1_4/*.jpg|signer-2|bi s mi allā hi rra ḥ mā ni rra ḥī m
1_alfatihah_2_1_5,test/1_alfatihah_2_1_5/*.jpg,signer-2,bi s mi allā hi rra ḥ mā ni rra ḥī m,273,1_alfatihah_2_1_5|1_alfatihah_2_1_5/*.jpg|signer-2|bi s mi allā hi rra ḥ mā ni rra ḥī m
1_alfatihah_2_1_6,test/1_alfatihah_2_1_6/*.jpg,signer-2,bi s mi allā hi rra ḥ mā ni rra ḥī m,271,1_alfatihah_2_1_6|1_alfatihah_2_1_6/*.jpg|signer-2|bi s mi allā hi rra ḥ mā ni rra ḥī m
1_alfatihah_2_1_7,test/1_alfatihah_2_1_7/*.jpg,signer-2,bi s mi allā hi rra ḥ mā ni rra ḥī m,283,1_alfatihah_2_1_7|1_alfatihah_2_1_7/*.jpg|signer-2|bi s mi allā hi rra ḥ mā ni rra ḥī m
1_alfatihah_2_1_8,test/1_alfatihah_2_1_8/*.jpg,signer-2,bi s mi allā hi rra ḥ mā ni rra ḥī m,271,1_alfatihah_2_1_8|1_alfatihah_2_1_8/*.jpg|signer-2|bi s mi allā hi rra ḥ mā ni rra ḥī m
1_alfatihah_2_1_9,test/1_alfatihah_2_1_9/*.jpg,signer-2,bi s mi allā hi rra ḥ mā ni rra ḥī m,261,1_alfatihah_2_1_9|1_alfatihah_2_1_9/*.jpg|signer-2|bi s mi allā hi rra ḥ mā ni rra ḥī m
1_alfatihah_2_2_1,test/1_alfatihah_2_2_1/*.jpg,signer-2,al ḥa m du li llā hi ra bbi l 'ā la mī n,325,1_alfatihah_2_2_1|1_alfatihah_2_2_1/*.jpg|signer-2|al ḥa m du li llā hi ra bbi l 'ā la mī n
1_alfatihah_2_2_10,test/1_alfatihah_2_2_10/*.jpg,signer-2,al ḥa m du li llā hi ra bbi l 'ā la mī n,331,1_alfatihah_2_2_10|1_alfatihah_2_2_10/*.jpg|signer-2|al ḥa m du li llā hi ra bbi l 'ā la mī n
1_alfatihah_2_2_2,test/1_alfatihah_2_2_2/*.jpg,signer-2,al ḥa m du li llā hi ra bbi l 'ā la mī n,318,1_alfatihah_2_2_2|1_alfatihah_2_2_2/*.jpg|signer-2|al ḥa m du li llā hi ra bbi l 'ā la mī n
1_alfatihah_2_2_3,test/1_alfatihah_2_2_3/*.jpg,signer-2,al ḥa m du li llā hi ra bbi l 'ā la mī n,318,1_alfatihah_2_2_3|1_alfatihah_2_2_3/*.jpg|signer-2|al ḥa m du li llā hi ra bbi l 'ā la mī n
1_alfatihah_2_2_4,test/1_alfatihah_2_2_4/*.jpg,signer-2,al ḥa m du li llā hi ra bbi l 'ā la mī n,316,1_alfatihah_2_2_4|1_alfatihah_2_2_4/*.jpg|signer-2|al ḥa m du li llā hi ra bbi l 'ā la mī n
1_alfatihah_2_2_5,test/1_alfatihah_2_2_5/*.jpg,signer-2,al ḥa m du li llā hi ra bbi l 'ā la mī n,336,1_alfatihah_2_2_5|1_alfatihah_2_2_5/*.jpg|signer-2|al ḥa m du li llā hi ra bbi l 'ā la mī n
1_alfatihah_2_2_6,test/1_alfatihah_2_2_6/*.jpg,signer-2,al ḥa m du li llā hi ra bbi l 'ā la mī n,328,1_alfatihah_2_2_6|1_alfatihah_2_2_6/*.jpg|signer-2|al ḥa m du li llā hi ra bbi l 'ā la mī n
1_alfatihah_2_2_7,test/1_alfatihah_2_2_7/*.jpg,signer-2,al ḥa m du li llā hi ra bbi l 'ā la mī n,316,1_alfatihah_2_2_7|1_alfatihah_2_2_7/*.jpg|signer-2|al ḥa m du li llā hi ra bbi l 'ā la mī n
1_alfatihah_2_2_8,test/1_alfatihah_2_2_8/*.jpg,signer-2,al ḥa m du li llā hi ra bbi l 'ā la mī n,311,1_alfatihah_2_2_8|1_alfatihah_2_2_8/*.jpg|signer-2|al ḥa m du li llā hi ra bbi l 'ā la mī n
1_alfatihah_2_2_9,test/1_alfatihah_2_2_9/*.jpg,signer-2,al ḥa m du li llā hi ra bbi l 'ā la mī n,320,1_alfatihah_2_2_9|1_alfatihah_2_2_9/*.jpg|signer-2|al ḥa m du li llā hi ra bbi l 'ā la mī n
1_alfatihah_2_3_1,test/1_alfatihah_2_3_1/*.jpg,signer-2,a rra ḥ mā ni rra ḥī m,176,1_alfatihah_2_3_1|1_alfatihah_2_3_1/*.jpg|signer-2|a rra ḥ mā ni rra ḥī m
1_alfatihah_2_3_10,test/1_alfatihah_2_3_10/*.jpg,signer-2,a rra ḥ mā ni rra ḥī m,193,1_alfatihah_2_3_10|1_alfatihah_2_3_10/*.jpg|signer-2|a rra ḥ mā ni rra ḥī m
1_alfatihah_2_3_2,test/1_alfatihah_2_3_2/*.jpg,signer-2,a rra ḥ mā ni rra ḥī m,173,1_alfatihah_2_3_2|1_alfatihah_2_3_2/*.jpg|signer-2|a rra ḥ mā ni rra ḥī m
1_alfatihah_2_3_3,test/1_alfatihah_2_3_3/*.jpg,signer-2,a rra ḥ mā ni rra ḥī m,166,1_alfatihah_2_3_3|1_alfatihah_2_3_3/*.jpg|signer-2|a rra ḥ mā ni rra ḥī m
1_alfatihah_2_3_4,test/1_alfatihah_2_3_4/*.jpg,signer-2,a rra ḥ mā ni rra ḥī m,172,1_alfatihah_2_3_4|1_alfatihah_2_3_4/*.jpg|signer-2|a rra ḥ mā ni rra ḥī m
1_alfatihah_2_3_5,test/1_alfatihah_2_3_5/*.jpg,signer-2,a rra ḥ mā ni rra ḥī m,180,1_alfatihah_2_3_5|1_alfatihah_2_3_5/*.jpg|signer-2|a rra ḥ mā ni rra ḥī m
1_alfatihah_2_3_6,test/1_alfatihah_2_3_6/*.jpg,signer-2,a rra ḥ mā ni rra ḥī m,177,1_alfatihah_2_3_6|1_alfatihah_2_3_6/*.jpg|signer-2|a rra ḥ mā ni rra ḥī m
1_alfatihah_2_3_7,test/1_alfatihah_2_3_7/*.jpg,signer-2,a rra ḥ mā ni rra ḥī m,176,1_alfatihah_2_3_7|1_alfatihah_2_3_7/*.jpg|signer-2|a rra ḥ mā ni rra ḥī m
1_alfatihah_2_3_8,test/1_alfatihah_2_3_8/*.jpg,signer-2,a rra ḥ mā ni rra ḥī m,181,1_alfatihah_2_3_8|1_alfatihah_2_3_8/*.jpg|signer-2|a rra ḥ mā ni rra ḥī m
1_alfatihah_2_3_9,test/1_alfatihah_2_3_9/*.jpg,signer-2,a rra ḥ mā ni rra ḥī m,186,1_alfatihah_2_3_9|1_alfatihah_2_3_9/*.jpg|signer-2|a rra ḥ mā ni rra ḥī m
1_alfatihah_2_4_1,test/1_alfatihah_2_4_1/*.jpg,signer-2,mā li ki ya u mi ddī n ,185,1_alfatihah_2_4_1|1_alfatihah_2_4_1/*.jpg|signer-2|mā li ki ya u mi ddī n 
1_alfatihah_2_4_2,test/1_alfatihah_2_4_2/*.jpg,signer-2,mā li ki ya u mi ddī n ,170,1_alfatihah_2_4_2|1_alfatihah_2_4_2/*.jpg|signer-2|mā li ki ya u mi ddī n 
1_alfatihah_2_4_3,test/1_alfatihah_2_4_3/*.jpg,signer-2,mā li ki ya u mi ddī n ,181,1_alfatihah_2_4_3|1_alfatihah_2_4_3/*.jpg|signer-2|mā li ki ya u mi ddī n 
1_alfatihah_2_4_4,test/1_alfatihah_2_4_4/*.jpg,signer-2,mā li ki ya u mi ddī n ,190,1_alfatihah_2_4_4|1_alfatihah_2_4_4/*.jpg|signer-2|mā li ki ya u mi ddī n 
1_alfatihah_2_4_5,test/1_alfatihah_2_4_5/*.jpg,signer-2,mā li ki ya u mi ddī n ,190,1_alfatihah_2_4_5|1_alfatihah_2_4_5/*.jpg|signer-2|mā li ki ya u mi ddī n 
1_alfatihah_2_4_6,test/1_alfatihah_2_4_6/*.jpg,signer-2,mā li ki ya u mi ddī n ,213,1_alfatihah_2_4_6|1_alfatihah_2_4_6/*.jpg|signer-2|mā li ki ya u mi ddī n 
1_alfatihah_2_4_7,test/1_alfatihah_2_4_7/*.jpg,signer-2,mā li ki ya u mi ddī n ,173,1_alfatihah_2_4_7|1_alfatihah_2_4_7/*.jpg|signer-2|mā li ki ya u mi ddī n 
1_alfatihah_2_4_8,test/1_alfatihah_2_4_8/*.jpg,signer-2,mā li ki ya u mi ddī n ,171,1_alfatihah_2_4_8|1_alfatihah_2_4_8/*.jpg|signer-2|mā li ki ya u mi ddī n 
1_alfatihah_2_4_9,test/1_alfatihah_2_4_9/*.jpg,signer-2,mā li ki ya u mi ddī n ,185,1_alfatihah_2_4_9|1_alfatihah_2_4_9/*.jpg|signer-2|mā li ki ya u mi ddī n 
1_alfatihah_2_5_1,test/1_alfatihah_2_5_1/*.jpg,signer-2,i yyā ka na ' bu du wa i yyā ka na s ta 'ī n,389,1_alfatihah_2_5_1|1_alfatihah_2_5_1/*.jpg|signer-2|i yyā ka na ' bu du wa i yyā ka na s ta 'ī n
1_alfatihah_2_5_2,test/1_alfatihah_2_5_2/*.jpg,signer-2,i yyā ka na ' bu du wa i yyā ka na s ta 'ī n,352,1_alfatihah_2_5_2|1_alfatihah_2_5_2/*.jpg|signer-2|i yyā ka na ' bu du wa i yyā ka na s ta 'ī n
1_alfatihah_2_5_3,test/1_alfatihah_2_5_3/*.jpg,signer-2,i yyā ka na ' bu du wa i yyā ka na s ta 'ī n,369,1_alfatihah_2_5_3|1_alfatihah_2_5_3/*.jpg|signer-2|i yyā ka na ' bu du wa i yyā ka na s ta 'ī n
1_alfatihah_2_5_4,test/1_alfatihah_2_5_4/*.jpg,signer-2,i yyā ka na ' bu du wa i yyā ka na s ta 'ī n,340,1_alfatihah_2_5_4|1_alfatihah_2_5_4/*.jpg|signer-2|i yyā ka na ' bu du wa i yyā ka na s ta 'ī n
1_alfatihah_2_5_5,test/1_alfatihah_2_5_5/*.jpg,signer-2,i yyā ka na ' bu du wa i yyā ka na s ta 'ī n,339,1_alfatihah_2_5_5|1_alfatihah_2_5_5/*.jpg|signer-2|i yyā ka na ' bu du wa i yyā ka na s ta 'ī n
1_alfatihah_2_5_6,test/1_alfatihah_2_5_6/*.jpg,signer-2,i yyā ka na ' bu du wa i yyā ka na s ta 'ī n,350,1_alfatihah_2_5_6|1_alfatihah_2_5_6/*.jpg|signer-2|i yyā ka na ' bu du wa i yyā ka na s ta 'ī n
1_alfatihah_2_5_7,test/1_alfatihah_2_5_7/*.jpg,signer-2,i yyā ka na ' bu du wa i yyā ka na s ta 'ī n,359,1_alfatihah_2_5_7|1_alfatihah_2_5_7/*.jpg|signer-2|i yyā ka na ' bu du wa i yyā ka na s ta 'ī n
1_alfatihah_2_5_8,test/1_alfatihah_2_5_8/*.jpg,signer-2,i yyā ka na ' bu du wa i yyā ka na s ta 'ī n,348,1_alfatihah_2_5_8|1_alfatihah_2_5_8/*.jpg|signer-2|i yyā ka na ' bu du wa i yyā ka na s ta 'ī n
1_alfatihah_2_5_9,test/1_alfatihah_2_5_9/*.jpg,signer-2,i yyā ka na ' bu du wa i yyā ka na s ta 'ī n,372,1_alfatihah_2_5_9|1_alfatihah_2_5_9/*.jpg|signer-2|i yyā ka na ' bu du wa i yyā ka na s ta 'ī n
1_alfatihah_2_6_1,test/1_alfatihah_2_6_1/*.jpg,signer-2,i h di na ṣṣi rā ṭa l mu s ta qī m,298,1_alfatihah_2_6_1|1_alfatihah_2_6_1/*.jpg|signer-2|i h di na ṣṣi rā ṭa l mu s ta qī m
1_alfatihah_2_6_10,test/1_alfatihah_2_6_10/*.jpg,signer-2,i h di na ṣṣi rā ṭa l mu s ta qī m,305,1_alfatihah_2_6_10|1_alfatihah_2_6_10/*.jpg|signer-2|i h di na ṣṣi rā ṭa l mu s ta qī m
1_alfatihah_2_6_11,test/1_alfatihah_2_6_11/*.jpg,signer-2,i h di na ṣṣi rā ṭa l mu s ta qī m,304,1_alfatihah_2_6_11|1_alfatihah_2_6_11/*.jpg|signer-2|i h di na ṣṣi rā ṭa l mu s ta qī m
1_alfatihah_2_6_2,test/1_alfatihah_2_6_2/*.jpg,signer-2,i h di na ṣṣi rā ṭa l mu s ta qī m,305,1_alfatihah_2_6_2|1_alfatihah_2_6_2/*.jpg|signer-2|i h di na ṣṣi rā ṭa l mu s ta qī m
1_alfatihah_2_6_3,test/1_alfatihah_2_6_3/*.jpg,signer-2,i h di na ṣṣi rā ṭa l mu s ta qī m,289,1_alfatihah_2_6_3|1_alfatihah_2_6_3/*.jpg|signer-2|i h di na ṣṣi rā ṭa l mu s ta qī m
1_alfatihah_2_6_4,test/1_alfatihah_2_6_4/*.jpg,signer-2,i h di na ṣṣi rā ṭa l mu s ta qī m,296,1_alfatihah_2_6_4|1_alfatihah_2_6_4/*.jpg|signer-2|i h di na ṣṣi rā ṭa l mu s ta qī m
1_alfatihah_2_6_5,test/1_alfatihah_2_6_5/*.jpg,signer-2,i h di na ṣṣi rā ṭa l mu s ta qī m,300,1_alfatihah_2_6_5|1_alfatihah_2_6_5/*.jpg|signer-2|i h di na ṣṣi rā ṭa l mu s ta qī m
1_alfatihah_2_6_6,test/1_alfatihah_2_6_6/*.jpg,signer-2,i h di na ṣṣi rā ṭa l mu s ta qī m,298,1_alfatihah_2_6_6|1_alfatihah_2_6_6/*.jpg|signer-2|i h di na ṣṣi rā ṭa l mu s ta qī m
1_alfatihah_2_6_7,test/1_alfatihah_2_6_7/*.jpg,signer-2,i h di na ṣṣi rā ṭa l mu s ta qī m,293,1_alfatihah_2_6_7|1_alfatihah_2_6_7/*.jpg|signer-2|i h di na ṣṣi rā ṭa l mu s ta qī m
1_alfatihah_2_6_8,test/1_alfatihah_2_6_8/*.jpg,signer-2,i h di na ṣṣi rā ṭa l mu s ta qī m,294,1_alfatihah_2_6_8|1_alfatihah_2_6_8/*.jpg|signer-2|i h di na ṣṣi rā ṭa l mu s ta qī m
1_alfatihah_2_6_9,test/1_alfatihah_2_6_9/*.jpg,signer-2,i h di na ṣṣi rā ṭa l mu s ta qī m,308,1_alfatihah_2_6_9|1_alfatihah_2_6_9/*.jpg|signer-2|i h di na ṣṣi rā ṭa l mu s ta qī m
1_alfatihah_2_7a_1,test/1_alfatihah_2_7a_1/*.jpg,signer-2,ṣi rā ṭa lla żī na a n ‘a m ta ‘a la i hi m,352,1_alfatihah_2_7a_1|1_alfatihah_2_7a_1/*.jpg|signer-2|ṣi rā ṭa lla żī na a n ‘a m ta ‘a la i hi m
1_alfatihah_2_7a_10,test/1_alfatihah_2_7a_10/*.jpg,signer-2,ṣi rā ṭa lla żī na a n ‘a m ta ‘a la i hi m,410,1_alfatihah_2_7a_10|1_alfatihah_2_7a_10/*.jpg|signer-2|ṣi rā ṭa lla żī na a n ‘a m ta ‘a la i hi m
1_alfatihah_2_7a_2,test/1_alfatihah_2_7a_2/*.jpg,signer-2,ṣi rā ṭa lla żī na a n ‘a m ta ‘a la i hi m,360,1_alfatihah_2_7a_2|1_alfatihah_2_7a_2/*.jpg|signer-2|ṣi rā ṭa lla żī na a n ‘a m ta ‘a la i hi m
1_alfatihah_2_7a_3,test/1_alfatihah_2_7a_3/*.jpg,signer-2,ṣi rā ṭa lla żī na a n ‘a m ta ‘a la i hi m,364,1_alfatihah_2_7a_3|1_alfatihah_2_7a_3/*.jpg|signer-2|ṣi rā ṭa lla żī na a n ‘a m ta ‘a la i hi m
1_alfatihah_2_7a_4,test/1_alfatihah_2_7a_4/*.jpg,signer-2,ṣi rā ṭa lla żī na a n ‘a m ta ‘a la i hi m,373,1_alfatihah_2_7a_4|1_alfatihah_2_7a_4/*.jpg|signer-2|ṣi rā ṭa lla żī na a n ‘a m ta ‘a la i hi m
1_alfatihah_2_7a_5,test/1_alfatihah_2_7a_5/*.jpg,signer-2,ṣi rā ṭa lla żī na a n ‘a m ta ‘a la i hi m,371,1_alfatihah_2_7a_5|1_alfatihah_2_7a_5/*.jpg|signer-2|ṣi rā ṭa lla żī na a n ‘a m ta ‘a la i hi m
1_alfatihah_2_7a_6,test/1_alfatihah_2_7a_6/*.jpg,signer-2,ṣi rā ṭa lla żī na a n ‘a m ta ‘a la i hi m,374,1_alfatihah_2_7a_6|1_alfatihah_2_7a_6/*.jpg|signer-2|ṣi rā ṭa lla żī na a n ‘a m ta ‘a la i hi m
1_alfatihah_2_7a_7,test/1_alfatihah_2_7a_7/*.jpg,signer-2,ṣi rā ṭa lla żī na a n ‘a m ta ‘a la i hi m,389,1_alfatihah_2_7a_7|1_alfatihah_2_7a_7/*.jpg|signer-2|ṣi rā ṭa lla żī na a n ‘a m ta ‘a la i hi m
1_alfatihah_2_7a_8,test/1_alfatihah_2_7a_8/*.jpg,signer-2,ṣi rā ṭa lla żī na a n ‘a m ta ‘a la i hi m,389,1_alfatihah_2_7a_8|1_alfatihah_2_7a_8/*.jpg|signer-2|ṣi rā ṭa lla żī na a n ‘a m ta ‘a la i hi m
1_alfatihah_2_7a_9,test/1_alfatihah_2_7a_9/*.jpg,signer-2,ṣi rā ṭa lla żī na a n ‘a m ta ‘a la i hi m,374,1_alfatihah_2_7a_9|1_alfatihah_2_7a_9/*.jpg|signer-2|ṣi rā ṭa lla żī na a n ‘a m ta ‘a la i hi m
1_alfatihah_2_7b_1,test/1_alfatihah_2_7b_1/*.jpg,signer-2,ga i ri l ma g ḍū bi ‘a la i hi m wa la ḍḍā llī n,543,1_alfatihah_2_7b_1|1_alfatihah_2_7b_1/*.jpg|signer-2|ga i ri l ma g ḍū bi ‘a la i hi m wa la ḍḍā llī n
1_alfatihah_2_7b_10,test/1_alfatihah_2_7b_10/*.jpg,signer-2,ga i ri l ma g ḍū bi ‘a la i hi m wa la ḍḍā llī n,559,1_alfatihah_2_7b_10|1_alfatihah_2_7b_10/*.jpg|signer-2|ga i ri l ma g ḍū bi ‘a la i hi m wa la ḍḍā llī n
1_alfatihah_2_7b_2,test/1_alfatihah_2_7b_2/*.jpg,signer-2,ga i ri l ma g ḍū bi ‘a la i hi m wa la ḍḍā llī n,515,1_alfatihah_2_7b_2|1_alfatihah_2_7b_2/*.jpg|signer-2|ga i ri l ma g ḍū bi ‘a la i hi m wa la ḍḍā llī n
1_alfatihah_2_7b_3,test/1_alfatihah_2_7b_3/*.jpg,signer-2,ga i ri l ma g ḍū bi ‘a la i hi m wa la ḍḍā llī n,567,1_alfatihah_2_7b_3|1_alfatihah_2_7b_3/*.jpg|signer-2|ga i ri l ma g ḍū bi ‘a la i hi m wa la ḍḍā llī n
1_alfatihah_2_7b_4,test/1_alfatihah_2_7b_4/*.jpg,signer-2,ga i ri l ma g ḍū bi ‘a la i hi m wa la ḍḍā llī n,495,1_alfatihah_2_7b_4|1_alfatihah_2_7b_4/*.jpg|signer-2|ga i ri l ma g ḍū bi ‘a la i hi m wa la ḍḍā llī n
1_alfatihah_2_7b_5,test/1_alfatihah_2_7b_5/*.jpg,signer-2,ga i ri l ma g ḍū bi ‘a la i hi m wa la ḍḍā llī n,511,1_alfatihah_2_7b_5|1_alfatihah_2_7b_5/*.jpg|signer-2|ga i ri l ma g ḍū bi ‘a la i hi m wa la ḍḍā llī n
1_alfatihah_2_7b_6,test/1_alfatihah_2_7b_6/*.jpg,signer-2,ga i ri l ma g ḍū bi ‘a la i hi m wa la ḍḍā llī n,494,1_alfatihah_2_7b_6|1_alfatihah_2_7b_6/*.jpg|signer-2|ga i ri l ma g ḍū bi ‘a la i hi m wa la ḍḍā llī n
1_alfatihah_2_7b_7,test/1_alfatihah_2_7b_7/*.jpg,signer-2,ga i ri l ma g ḍū bi ‘a la i hi m wa la ḍḍā llī n,457,1_alfatihah_2_7b_7|1_alfatihah_2_7b_7/*.jpg|signer-2|ga i ri l ma g ḍū bi ‘a la i hi m wa la ḍḍā llī n
1_alfatihah_2_7b_8,test/1_alfatihah_2_7b_8/*.jpg,signer-2,ga i ri l ma g ḍū bi ‘a la i hi m wa la ḍḍā llī n,506,1_alfatihah_2_7b_8|1_alfatihah_2_7b_8/*.jpg|signer-2|ga i ri l ma g ḍū bi ‘a la i hi m wa la ḍḍā llī n
1_alfatihah_2_7b_9,test/1_alfatihah_2_7b_9/*.jpg,signer-2,ga i ri l ma g ḍū bi ‘a la i hi m wa la ḍḍā llī n,566,1_alfatihah_2_7b_9|1_alfatihah_2_7b_9/*.jpg|signer-2|ga i ri l ma g ḍū bi ‘a la i hi m wa la ḍḍā llī n
112_alikhlas_1_1_1,train/112_alikhlas_1_1_1/*.jpg,signer-1,qu l hu wa allā hu a ḥa d,260,112_alikhlas_1_1_1|112_alikhlas_1_1_1/*.jpg|signer-1|qu l hu wa allā hu a ḥa d
112_alikhlas_1_1_10,train/112_alikhlas_1_1_10/*.jpg,signer-1,qu l hu wa allā hu a ḥa d,239,112_alikhlas_1_1_10|112_alikhlas_1_1_10/*.jpg|signer-1|qu l hu wa allā hu a ḥa d
112_alikhlas_1_1_2,train/112_alikhlas_1_1_2/*.jpg,signer-1,qu l hu wa allā hu a ḥa d,239,112_alikhlas_1_1_2|112_alikhlas_1_1_2/*.jpg|signer-1|qu l hu wa allā hu a ḥa d
112_alikhlas_1_1_3,train/112_alikhlas_1_1_3/*.jpg,signer-1,qu l hu wa allā hu a ḥa d,252,112_alikhlas_1_1_3|112_alikhlas_1_1_3/*.jpg|signer-1|qu l hu wa allā hu a ḥa d
112_alikhlas_1_1_4,train/112_alikhlas_1_1_4/*.jpg,signer-1,qu l hu wa allā hu a ḥa d,243,112_alikhlas_1_1_4|112_alikhlas_1_1_4/*.jpg|signer-1|qu l hu wa allā hu a ḥa d
112_alikhlas_1_1_5,train/112_alikhlas_1_1_5/*.jpg,signer-1,qu l hu wa allā hu a ḥa d,242,112_alikhlas_1_1_5|112_alikhlas_1_1_5/*.jpg|signer-1|qu l hu wa allā hu a ḥa d
112_alikhlas_1_1_6,train/112_alikhlas_1_1_6/*.jpg,signer-1,qu l hu wa allā hu a ḥa d,221,112_alikhlas_1_1_6|112_alikhlas_1_1_6/*.jpg|signer-1|qu l hu wa allā hu a ḥa d
112_alikhlas_1_1_7,train/112_alikhlas_1_1_7/*.jpg,signer-1,qu l hu wa allā hu a ḥa d,226,112_alikhlas_1_1_7|112_alikhlas_1_1_7/*.jpg|signer-1|qu l hu wa allā hu a ḥa d
112_alikhlas_1_1_8,train/112_alikhlas_1_1_8/*.jpg,signer-1,qu l hu wa allā hu a ḥa d,249,112_alikhlas_1_1_8|112_alikhlas_1_1_8/*.jpg|signer-1|qu l hu wa allā hu a ḥa d
112_alikhlas_1_1_9,train/112_alikhlas_1_1_9/*.jpg,signer-1,qu l hu wa allā hu a ḥa d,231,112_alikhlas_1_1_9|112_alikhlas_1_1_9/*.jpg|signer-1|qu l hu wa allā hu a ḥa d
112_alikhlas_1_2_1,train/112_alikhlas_1_2_1/*.jpg,signer-1,a llā hu ṣṣa ma d,178,112_alikhlas_1_2_1|112_alikhlas_1_2_1/*.jpg|signer-1|a llā hu ṣṣa ma d
112_alikhlas_1_2_2,train/112_alikhlas_1_2_2/*.jpg,signer-1,a llā hu ṣṣa ma d,169,112_alikhlas_1_2_2|112_alikhlas_1_2_2/*.jpg|signer-1|a llā hu ṣṣa ma d
112_alikhlas_1_2_4,train/112_alikhlas_1_2_4/*.jpg,signer-1,a llā hu ṣṣa ma d,161,112_alikhlas_1_2_4|112_alikhlas_1_2_4/*.jpg|signer-1|a llā hu ṣṣa ma d
112_alikhlas_1_2_5,train/112_alikhlas_1_2_5/*.jpg,signer-1,a llā hu ṣṣa ma d,159,112_alikhlas_1_2_5|112_alikhlas_1_2_5/*.jpg|signer-1|a llā hu ṣṣa ma d
112_alikhlas_1_2_7,train/112_alikhlas_1_2_7/*.jpg,signer-1,a llā hu ṣṣa ma d,160,112_alikhlas_1_2_7|112_alikhlas_1_2_7/*.jpg|signer-1|a llā hu ṣṣa ma d
112_alikhlas_1_2_9,train/112_alikhlas_1_2_9/*.jpg,signer-1,a llā hu ṣṣa ma d,153,112_alikhlas_1_2_9|112_alikhlas_1_2_9/*.jpg|signer-1|a llā hu ṣṣa ma d
112_alikhlas_1_3_2,train/112_alikhlas_1_3_2/*.jpg,signer-1,la m ya li d wa la m yū la d,246,112_alikhlas_1_3_2|112_alikhlas_1_3_2/*.jpg|signer-1|la m ya li d wa la m yū la d
112_alikhlas_1_3_3,train/112_alikhlas_1_3_3/*.jpg,signer-1,la m ya li d wa la m yū la d,273,112_alikhlas_1_3_3|112_alikhlas_1_3_3/*.jpg|signer-1|la m ya li d wa la m yū la d
112_alikhlas_1_3_4,train/112_alikhlas_1_3_4/*.jpg,signer-1,la m ya li d wa la m yū la d,224,112_alikhlas_1_3_4|112_alikhlas_1_3_4/*.jpg|signer-1|la m ya li d wa la m yū la d
112_alikhlas_1_3_5,train/112_alikhlas_1_3_5/*.jpg,signer-1,la m ya li d wa la m yū la d,245,112_alikhlas_1_3_5|112_alikhlas_1_3_5/*.jpg|signer-1|la m ya li d wa la m yū la d
112_alikhlas_1_3_6,train/112_alikhlas_1_3_6/*.jpg,signer-1,la m ya li d wa la m yū la d,241,112_alikhlas_1_3_6|112_alikhlas_1_3_6/*.jpg|signer-1|la m ya li d wa la m yū la d
112_alikhlas_1_3_7,train/112_alikhlas_1_3_7/*.jpg,signer-1,la m ya li d wa la m yū la d,245,112_alikhlas_1_3_7|112_alikhlas_1_3_7/*.jpg|signer-1|la m ya li d wa la m yū la d
112_alikhlas_1_3_8,train/112_alikhlas_1_3_8/*.jpg,signer-1,la m ya li d wa la m yū la d,221,112_alikhlas_1_3_8|112_alikhlas_1_3_8/*.jpg|signer-1|la m ya li d wa la m yū la d
112_alikhlas_1_3_9,train/112_alikhlas_1_3_9/*.jpg,signer-1,la m ya li d wa la m yū la d,239,112_alikhlas_1_3_9|112_alikhlas_1_3_9/*.jpg|signer-1|la m ya li d wa la m yū la d
112_alikhlas_1_4_1,train/112_alikhlas_1_4_1/*.jpg,signer-1,wa la m ya ku l la hū ku fu wa n a ḥa d,321,112_alikhlas_1_4_1|112_alikhlas_1_4_1/*.jpg|signer-1|wa la m ya ku l la hū ku fu wa n a ḥa d
112_alikhlas_1_4_2,train/112_alikhlas_1_4_2/*.jpg,signer-1,wa la m ya ku l la hū ku fu wa n a ḥa d,333,112_alikhlas_1_4_2|112_alikhlas_1_4_2/*.jpg|signer-1|wa la m ya ku l la hū ku fu wa n a ḥa d
112_alikhlas_1_4_4,train/112_alikhlas_1_4_4/*.jpg,signer-1,wa la m ya ku l la hū ku fu wa n a ḥa d,331,112_alikhlas_1_4_4|112_alikhlas_1_4_4/*.jpg|signer-1|wa la m ya ku l la hū ku fu wa n a ḥa d
112_alikhlas_1_4_6,train/112_alikhlas_1_4_6/*.jpg,signer-1,wa la m ya ku l la hū ku fu wa n a ḥa d,332,112_alikhlas_1_4_6|112_alikhlas_1_4_6/*.jpg|signer-1|wa la m ya ku l la hū ku fu wa n a ḥa d
112_alikhlas_1_4_7,train/112_alikhlas_1_4_7/*.jpg,signer-1,wa la m ya ku l la hū ku fu wa n a ḥa d,330,112_alikhlas_1_4_7|112_alikhlas_1_4_7/*.jpg|signer-1|wa la m ya ku l la hū ku fu wa n a ḥa d
112_alikhlas_1_4_8,train/112_alikhlas_1_4_8/*.jpg,signer-1,wa la m ya ku l la hū ku fu wa n a ḥa d,325,112_alikhlas_1_4_8|112_alikhlas_1_4_8/*.jpg|signer-1|wa la m ya ku l la hū ku fu wa n a ḥa d
112_alikhlas_3_1_1,train/112_alikhlas_3_1_1/*.jpg,signer-3,qu l hu wa allā hu a ḥa d,219,112_alikhlas_3_1_1|112_alikhlas_3_1_1/*.jpg|signer-3|qu l hu wa allā hu a ḥa d
112_alikhlas_3_1_10,train/112_alikhlas_3_1_10/*.jpg,signer-3,qu l hu wa allā hu a ḥa d,193,112_alikhlas_3_1_10|112_alikhlas_3_1_10/*.jpg|signer-3|qu l hu wa allā hu a ḥa d
112_alikhlas_3_1_2,train/112_alikhlas_3_1_2/*.jpg,signer-3,qu l hu wa allā hu a ḥa d,213,112_alikhlas_3_1_2|112_alikhlas_3_1_2/*.jpg|signer-3|qu l hu wa allā hu a ḥa d
112_alikhlas_3_1_5,train/112_alikhlas_3_1_5/*.jpg,signer-3,qu l hu wa allā hu a ḥa d,189,112_alikhlas_3_1_5|112_alikhlas_3_1_5/*.jpg|signer-3|qu l hu wa allā hu a ḥa d
112_alikhlas_3_1_7,train/112_alikhlas_3_1_7/*.jpg,signer-3,qu l hu wa allā hu a ḥa d,199,112_alikhlas_3_1_7|112_alikhlas_3_1_7/*.jpg|signer-3|qu l hu wa allā hu a ḥa d
112_alikhlas_3_1_8,train/112_alikhlas_3_1_8/*.jpg,signer-3,qu l hu wa allā hu a ḥa d,211,112_alikhlas_3_1_8|112_alikhlas_3_1_8/*.jpg|signer-3|qu l hu wa allā hu a ḥa d
112_alikhlas_3_1_9,train/112_alikhlas_3_1_9/*.jpg,signer-3,qu l hu wa allā hu a ḥa d,192,112_alikhlas_3_1_9|112_alikhlas_3_1_9/*.jpg|signer-3|qu l hu wa allā hu a ḥa d
112_alikhlas_3_2_1,train/112_alikhlas_3_2_1/*.jpg,signer-3,a llā hu ṣṣa ma d,152,112_alikhlas_3_2_1|112_alikhlas_3_2_1/*.jpg|signer-3|a llā hu ṣṣa ma d
112_alikhlas_3_2_10,train/112_alikhlas_3_2_10/*.jpg,signer-3,a llā hu ṣṣa ma d,144,112_alikhlas_3_2_10|112_alikhlas_3_2_10/*.jpg|signer-3|a llā hu ṣṣa ma d
112_alikhlas_3_2_2,train/112_alikhlas_3_2_2/*.jpg,signer-3,a llā hu ṣṣa ma d,149,112_alikhlas_3_2_2|112_alikhlas_3_2_2/*.jpg|signer-3|a llā hu ṣṣa ma d
112_alikhlas_3_2_4,train/112_alikhlas_3_2_4/*.jpg,signer-3,a llā hu ṣṣa ma d,165,112_alikhlas_3_2_4|112_alikhlas_3_2_4/*.jpg|signer-3|a llā hu ṣṣa ma d
112_alikhlas_3_2_5,train/112_alikhlas_3_2_5/*.jpg,signer-3,a llā hu ṣṣa ma d,159,112_alikhlas_3_2_5|112_alikhlas_3_2_5/*.jpg|signer-3|a llā hu ṣṣa ma d
112_alikhlas_3_2_6,train/112_alikhlas_3_2_6/*.jpg,signer-3,a llā hu ṣṣa ma d,146,112_alikhlas_3_2_6|112_alikhlas_3_2_6/*.jpg|signer-3|a llā hu ṣṣa ma d
112_alikhlas_3_2_7,train/112_alikhlas_3_2_7/*.jpg,signer-3,a llā hu ṣṣa ma d,142,112_alikhlas_3_2_7|112_alikhlas_3_2_7/*.jpg|signer-3|a llā hu ṣṣa ma d
112_alikhlas_3_2_9,train/112_alikhlas_3_2_9/*.jpg,signer-3,a llā hu ṣṣa ma d,144,112_alikhlas_3_2_9|112_alikhlas_3_2_9/*.jpg|signer-3|a llā hu ṣṣa ma d
112_alikhlas_3_3_1,train/112_alikhlas_3_3_1/*.jpg,signer-3,la m ya li d wa la m yū la d,214,112_alikhlas_3_3_1|112_alikhlas_3_3_1/*.jpg|signer-3|la m ya li d wa la m yū la d
112_alikhlas_3_3_10,train/112_alikhlas_3_3_10/*.jpg,signer-3,la m ya li d wa la m yū la d,212,112_alikhlas_3_3_10|112_alikhlas_3_3_10/*.jpg|signer-3|la m ya li d wa la m yū la d
112_alikhlas_3_3_2,train/112_alikhlas_3_3_2/*.jpg,signer-3,la m ya li d wa la m yū la d,218,112_alikhlas_3_3_2|112_alikhlas_3_3_2/*.jpg|signer-3|la m ya li d wa la m yū la d
112_alikhlas_3_3_3,train/112_alikhlas_3_3_3/*.jpg,signer-3,la m ya li d wa la m yū la d,219,112_alikhlas_3_3_3|112_alikhlas_3_3_3/*.jpg|signer-3|la m ya li d wa la m yū la d
112_alikhlas_3_3_4,train/112_alikhlas_3_3_4/*.jpg,signer-3,la m ya li d wa la m yū la d,206,112_alikhlas_3_3_4|112_alikhlas_3_3_4/*.jpg|signer-3|la m ya li d wa la m yū la d
112_alikhlas_3_3_5,train/112_alikhlas_3_3_5/*.jpg,signer-3,la m ya li d wa la m yū la d,230,112_alikhlas_3_3_5|112_alikhlas_3_3_5/*.jpg|signer-3|la m ya li d wa la m yū la d
112_alikhlas_3_3_6,train/112_alikhlas_3_3_6/*.jpg,signer-3,la m ya li d wa la m yū la d,217,112_alikhlas_3_3_6|112_alikhlas_3_3_6/*.jpg|signer-3|la m ya li d wa la m yū la d
112_alikhlas_3_4_1,train/112_alikhlas_3_4_1/*.jpg,signer-3,wa la m ya ku l la hū ku fu wa n a ḥa d,270,112_alikhlas_3_4_1|112_alikhlas_3_4_1/*.jpg|signer-3|wa la m ya ku l la hū ku fu wa n a ḥa d
112_alikhlas_3_4_10,train/112_alikhlas_3_4_10/*.jpg,signer-3,wa la m ya ku l la hū ku fu wa n a ḥa d,262,112_alikhlas_3_4_10|112_alikhlas_3_4_10/*.jpg|signer-3|wa la m ya ku l la hū ku fu wa n a ḥa d
112_alikhlas_3_4_2,train/112_alikhlas_3_4_2/*.jpg,signer-3,wa la m ya ku l la hū ku fu wa n a ḥa d,255,112_alikhlas_3_4_2|112_alikhlas_3_4_2/*.jpg|signer-3|wa la m ya ku l la hū ku fu wa n a ḥa d
112_alikhlas_3_4_3,train/112_alikhlas_3_4_3/*.jpg,signer-3,wa la m ya ku l la hū ku fu wa n a ḥa d,271,112_alikhlas_3_4_3|112_alikhlas_3_4_3/*.jpg|signer-3|wa la m ya ku l la hū ku fu wa n a ḥa d
112_alikhlas_3_4_7,train/112_alikhlas_3_4_7/*.jpg,signer-3,wa la m ya ku l la hū ku fu wa n a ḥa d,266,112_alikhlas_3_4_7|112_alikhlas_3_4_7/*.jpg|signer-3|wa la m ya ku l la hū ku fu wa n a ḥa d
112_alikhlas_3_4_9,train/112_alikhlas_3_4_9/*.jpg,signer-3,wa la m ya ku l la hū ku fu wa n a ḥa d,272,112_alikhlas_3_4_9|112_alikhlas_3_4_9/*.jpg|signer-3|wa la m ya ku l la hū ku fu wa n a ḥa d
1_alfatihah_1_1_1,train/1_alfatihah_1_1_1/*.jpg,signer-1,bi s mi allā hi rra ḥ mā ni rra ḥī m,366,1_alfatihah_1_1_1|1_alfatihah_1_1_1/*.jpg|signer-1|bi s mi allā hi rra ḥ mā ni rra ḥī m
1_alfatihah_1_1_10,train/1_alfatihah_1_1_10/*.jpg,signer-1,bi s mi allā hi rra ḥ mā ni rra ḥī m,360,1_alfatihah_1_1_10|1_alfatihah_1_1_10/*.jpg|signer-1|bi s mi allā hi rra ḥ mā ni rra ḥī m
1_alfatihah_1_1_2,train/1_alfatihah_1_1_2/*.jpg,signer-1,bi s mi allā hi rra ḥ mā ni rra ḥī m,310,1_alfatihah_1_1_2|1_alfatihah_1_1_2/*.jpg|signer-1|bi s mi allā hi rra ḥ mā ni rra ḥī m
1_alfatihah_1_1_3,train/1_alfatihah_1_1_3/*.jpg,signer-1,bi s mi allā hi rra ḥ mā ni rra ḥī m,331,1_alfatihah_1_1_3|1_alfatihah_1_1_3/*.jpg|signer-1|bi s mi allā hi rra ḥ mā ni rra ḥī m
1_alfatihah_1_1_4,train/1_alfatihah_1_1_4/*.jpg,signer-1,bi s mi allā hi rra ḥ mā ni rra ḥī m,328,1_alfatihah_1_1_4|1_alfatihah_1_1_4/*.jpg|signer-1|bi s mi allā hi rra ḥ mā ni rra ḥī m
1_alfatihah_1_1_5,train/1_alfatihah_1_1_5/*.jpg,signer-1,bi s mi allā hi rra ḥ mā ni rra ḥī m,299,1_alfatihah_1_1_5|1_alfatihah_1_1_5/*.jpg|signer-1|bi s mi allā hi rra ḥ mā ni rra ḥī m
1_alfatihah_1_1_6,train/1_alfatihah_1_1_6/*.jpg,signer-1,bi s mi allā hi rra ḥ mā ni rra ḥī m,298,1_alfatihah_1_1_6|1_alfatihah_1_1_6/*.jpg|signer-1|bi s mi allā hi rra ḥ mā ni rra ḥī m
1_alfatihah_1_1_7,train/1_alfatihah_1_1_7/*.jpg,signer-1,bi s mi allā hi rra ḥ mā ni rra ḥī m,340,1_alfatihah_1_1_7|1_alfatihah_1_1_7/*.jpg|signer-1|bi s mi allā hi rra ḥ mā ni rra ḥī m
1_alfatihah_1_1_8,train/1_alfatihah_1_1_8/*.jpg,signer-1,bi s mi allā hi rra ḥ mā ni rra ḥī m,302,1_alfatihah_1_1_8|1_alfatihah_1_1_8/*.jpg|signer-1|bi s mi allā hi rra ḥ mā ni rra ḥī m
1_alfatihah_1_1_9,train/1_alfatihah_1_1_9/*.jpg,signer-1,bi s mi allā hi rra ḥ mā ni rra ḥī m,322,1_alfatihah_1_1_9|1_alfatihah_1_1_9/*.jpg|signer-1|bi s mi allā hi rra ḥ mā ni rra ḥī m
1_alfatihah_1_2_1,train/1_alfatihah_1_2_1/*.jpg,signer-1,al ḥa m du li llā hi ra bbi l 'ā la mī n,376,1_alfatihah_1_2_1|1_alfatihah_1_2_1/*.jpg|signer-1|al ḥa m du li llā hi ra bbi l 'ā la mī n
1_alfatihah_1_2_10,train/1_alfatihah_1_2_10/*.jpg,signer-1,al ḥa m du li llā hi ra bbi l 'ā la mī n,412,1_alfatihah_1_2_10|1_alfatihah_1_2_10/*.jpg|signer-1|al ḥa m du li llā hi ra bbi l 'ā la mī n
1_alfatihah_1_2_2,train/1_alfatihah_1_2_2/*.jpg,signer-1,al ḥa m du li llā hi ra bbi l 'ā la mī n,427,1_alfatihah_1_2_2|1_alfatihah_1_2_2/*.jpg|signer-1|al ḥa m du li llā hi ra bbi l 'ā la mī n
1_alfatihah_1_2_3,train/1_alfatihah_1_2_3/*.jpg,signer-1,al ḥa m du li llā hi ra bbi l 'ā la mī n,437,1_alfatihah_1_2_3|1_alfatihah_1_2_3/*.jpg|signer-1|al ḥa m du li llā hi ra bbi l 'ā la mī n
1_alfatihah_1_2_4,train/1_alfatihah_1_2_4/*.jpg,signer-1,al ḥa m du li llā hi ra bbi l 'ā la mī n,444,1_alfatihah_1_2_4|1_alfatihah_1_2_4/*.jpg|signer-1|al ḥa m du li llā hi ra bbi l 'ā la mī n
1_alfatihah_1_2_5,train/1_alfatihah_1_2_5/*.jpg,signer-1,al ḥa m du li llā hi ra bbi l 'ā la mī n,433,1_alfatihah_1_2_5|1_alfatihah_1_2_5/*.jpg|signer-1|al ḥa m du li llā hi ra bbi l 'ā la mī n
1_alfatihah_1_2_7,train/1_alfatihah_1_2_7/*.jpg,signer-1,al ḥa m du li llā hi ra bbi l 'ā la mī n,440,1_alfatihah_1_2_7|1_alfatihah_1_2_7/*.jpg|signer-1|al ḥa m du li llā hi ra bbi l 'ā la mī n
1_alfatihah_1_2_8,train/1_alfatihah_1_2_8/*.jpg,signer-1,al ḥa m du li llā hi ra bbi l 'ā la mī n,403,1_alfatihah_1_2_8|1_alfatihah_1_2_8/*.jpg|signer-1|al ḥa m du li llā hi ra bbi l 'ā la mī n
1_alfatihah_1_3_1,train/1_alfatihah_1_3_1/*.jpg,signer-1,a rra ḥ mā ni rra ḥī m,233,1_alfatihah_1_3_1|1_alfatihah_1_3_1/*.jpg|signer-1|a rra ḥ mā ni rra ḥī m
1_alfatihah_1_3_10,train/1_alfatihah_1_3_10/*.jpg,signer-1,a rra ḥ mā ni rra ḥī m,220,1_alfatihah_1_3_10|1_alfatihah_1_3_10/*.jpg|signer-1|a rra ḥ mā ni rra ḥī m
1_alfatihah_1_3_2,train/1_alfatihah_1_3_2/*.jpg,signer-1,a rra ḥ mā ni rra ḥī m,212,1_alfatihah_1_3_2|1_alfatihah_1_3_2/*.jpg|signer-1|a rra ḥ mā ni rra ḥī m
1_alfatihah_1_3_3,train/1_alfatihah_1_3_3/*.jpg,signer-1,a rra ḥ mā ni rra ḥī m,211,1_alfatihah_1_3_3|1_alfatihah_1_3_3/*.jpg|signer-1|a rra ḥ mā ni rra ḥī m
1_alfatihah_1_3_6,train/1_alfatihah_1_3_6/*.jpg,signer-1,a rra ḥ mā ni rra ḥī m,194,1_alfatihah_1_3_6|1_alfatihah_1_3_6/*.jpg|signer-1|a rra ḥ mā ni rra ḥī m
1_alfatihah_1_3_7,train/1_alfatihah_1_3_7/*.jpg,signer-1,a rra ḥ mā ni rra ḥī m,193,1_alfatihah_1_3_7|1_alfatihah_1_3_7/*.jpg|signer-1|a rra ḥ mā ni rra ḥī m
1_alfatihah_1_3_8,train/1_alfatihah_1_3_8/*.jpg,signer-1,a rra ḥ mā ni rra ḥī m,213,1_alfatihah_1_3_8|1_alfatihah_1_3_8/*.jpg|signer-1|a rra ḥ mā ni rra ḥī m
1_alfatihah_1_3_9,train/1_alfatihah_1_3_9/*.jpg,signer-1,a rra ḥ mā ni rra ḥī m,203,1_alfatihah_1_3_9|1_alfatihah_1_3_9/*.jpg|signer-1|a rra ḥ mā ni rra ḥī m
1_alfatihah_1_4_10,train/1_alfatihah_1_4_10/*.jpg,signer-1,mā li ki ya u mi ddī n ,220,1_alfatihah_1_4_10|1_alfatihah_1_4_10/*.jpg|signer-1|mā li ki ya u mi ddī n 
1_alfatihah_1_4_3,train/1_alfatihah_1_4_3/*.jpg,signer-1,mā li ki ya u mi ddī n ,214,1_alfatihah_1_4_3|1_alfatihah_1_4_3/*.jpg|signer-1|mā li ki ya u mi ddī n 
1_alfatihah_1_4_6,train/1_alfatihah_1_4_6/*.jpg,signer-1,mā li ki ya u mi ddī n ,232,1_alfatihah_1_4_6|1_alfatihah_1_4_6/*.jpg|signer-1|mā li ki ya u mi ddī n 
1_alfatihah_1_4_8,train/1_alfatihah_1_4_8/*.jpg,signer-1,mā li ki ya u mi ddī n ,218,1_alfatihah_1_4_8|1_alfatihah_1_4_8/*.jpg|signer-1|mā li ki ya u mi ddī n 
1_alfatihah_1_4_9,train/1_alfatihah_1_4_9/*.jpg,signer-1,mā li ki ya u mi ddī n ,213,1_alfatihah_1_4_9|1_alfatihah_1_4_9/*.jpg|signer-1|mā li ki ya u mi ddī n 
1_alfatihah_1_5_1,train/1_alfatihah_1_5_1/*.jpg,signer-1,i yyā ka na ' bu du wa i yyā ka na s ta 'ī n,451,1_alfatihah_1_5_1|1_alfatihah_1_5_1/*.jpg|signer-1|i yyā ka na ' bu du wa i yyā ka na s ta 'ī n
1_alfatihah_1_5_10,train/1_alfatihah_1_5_10/*.jpg,signer-1,i yyā ka na ' bu du wa i yyā ka na s ta 'ī n,454,1_alfatihah_1_5_10|1_alfatihah_1_5_10/*.jpg|signer-1|i yyā ka na ' bu du wa i yyā ka na s ta 'ī n
1_alfatihah_1_5_3,train/1_alfatihah_1_5_3/*.jpg,signer-1,i yyā ka na ' bu du wa i yyā ka na s ta 'ī n,484,1_alfatihah_1_5_3|1_alfatihah_1_5_3/*.jpg|signer-1|i yyā ka na ' bu du wa i yyā ka na s ta 'ī n
1_alfatihah_1_5_4,train/1_alfatihah_1_5_4/*.jpg,signer-1,i yyā ka na ' bu du wa i yyā ka na s ta 'ī n,457,1_alfatihah_1_5_4|1_alfatihah_1_5_4/*.jpg|signer-1|i yyā ka na ' bu du wa i yyā ka na s ta 'ī n
1_alfatihah_1_5_6,train/1_alfatihah_1_5_6/*.jpg,signer-1,i yyā ka na ' bu du wa i yyā ka na s ta 'ī n,499,1_alfatihah_1_5_6|1_alfatihah_1_5_6/*.jpg|signer-1|i yyā ka na ' bu du wa i yyā ka na s ta 'ī n
1_alfatihah_1_5_7,train/1_alfatihah_1_5_7/*.jpg,signer-1,i yyā ka na ' bu du wa i yyā ka na s ta 'ī n,451,1_alfatihah_1_5_7|1_alfatihah_1_5_7/*.jpg|signer-1|i yyā ka na ' bu du wa i yyā ka na s ta 'ī n
1_alfatihah_1_5_9,train/1_alfatihah_1_5_9/*.jpg,signer-1,i yyā ka na ' bu du wa i yyā ka na s ta 'ī n,444,1_alfatihah_1_5_9|1_alfatihah_1_5_9/*.jpg|signer-1|i yyā ka na ' bu du wa i yyā ka na s ta 'ī n
1_alfatihah_1_6_1,train/1_alfatihah_1_6_1/*.jpg,signer-1,i h di na ṣṣi rā ṭa l mu s ta qī m,370,1_alfatihah_1_6_1|1_alfatihah_1_6_1/*.jpg|signer-1|i h di na ṣṣi rā ṭa l mu s ta qī m
1_alfatihah_1_6_3,train/1_alfatihah_1_6_3/*.jpg,signer-1,i h di na ṣṣi rā ṭa l mu s ta qī m,381,1_alfatihah_1_6_3|1_alfatihah_1_6_3/*.jpg|signer-1|i h di na ṣṣi rā ṭa l mu s ta qī m
1_alfatihah_1_6_4,train/1_alfatihah_1_6_4/*.jpg,signer-1,i h di na ṣṣi rā ṭa l mu s ta qī m,359,1_alfatihah_1_6_4|1_alfatihah_1_6_4/*.jpg|signer-1|i h di na ṣṣi rā ṭa l mu s ta qī m
1_alfatihah_1_6_5,train/1_alfatihah_1_6_5/*.jpg,signer-1,i h di na ṣṣi rā ṭa l mu s ta qī m,359,1_alfatihah_1_6_5|1_alfatihah_1_6_5/*.jpg|signer-1|i h di na ṣṣi rā ṭa l mu s ta qī m
1_alfatihah_1_6_6,train/1_alfatihah_1_6_6/*.jpg,signer-1,i h di na ṣṣi rā ṭa l mu s ta qī m,330,1_alfatihah_1_6_6|1_alfatihah_1_6_6/*.jpg|signer-1|i h di na ṣṣi rā ṭa l mu s ta qī m
1_alfatihah_1_6_7,train/1_alfatihah_1_6_7/*.jpg,signer-1,i h di na ṣṣi rā ṭa l mu s ta qī m,357,1_alfatihah_1_6_7|1_alfatihah_1_6_7/*.jpg|signer-1|i h di na ṣṣi rā ṭa l mu s ta qī m
1_alfatihah_1_6_8,train/1_alfatihah_1_6_8/*.jpg,signer-1,i h di na ṣṣi rā ṭa l mu s ta qī m,355,1_alfatihah_1_6_8|1_alfatihah_1_6_8/*.jpg|signer-1|i h di na ṣṣi rā ṭa l mu s ta qī m
1_alfatihah_1_6_9,train/1_alfatihah_1_6_9/*.jpg,signer-1,i h di na ṣṣi rā ṭa l mu s ta qī m,356,1_alfatihah_1_6_9|1_alfatihah_1_6_9/*.jpg|signer-1|i h di na ṣṣi rā ṭa l mu s ta qī m
1_alfatihah_1_7a_1,train/1_alfatihah_1_7a_1/*.jpg,signer-1,ṣi rā ṭa lla żī na a n ‘a m ta ‘a la i hi m,426,1_alfatihah_1_7a_1|1_alfatihah_1_7a_1/*.jpg|signer-1|ṣi rā ṭa lla żī na a n ‘a m ta ‘a la i hi m
1_alfatihah_1_7a_10,train/1_alfatihah_1_7a_10/*.jpg,signer-1,ṣi rā ṭa lla żī na a n ‘a m ta ‘a la i hi m,404,1_alfatihah_1_7a_10|1_alfatihah_1_7a_10/*.jpg|signer-1|ṣi rā ṭa lla żī na a n ‘a m ta ‘a la i hi m
1_alfatihah_1_7a_2,train/1_alfatihah_1_7a_2/*.jpg,signer-1,ṣi rā ṭa lla żī na a n ‘a m ta ‘a la i hi m,500,1_alfatihah_1_7a_2|1_alfatihah_1_7a_2/*.jpg|signer-1|ṣi rā ṭa lla żī na a n ‘a m ta ‘a la i hi m
1_alfatihah_1_7a_3,train/1_alfatihah_1_7a_3/*.jpg,signer-1,ṣi rā ṭa lla żī na a n ‘a m ta ‘a la i hi m,421,1_alfatihah_1_7a_3|1_alfatihah_1_7a_3/*.jpg|signer-1|ṣi rā ṭa lla żī na a n ‘a m ta ‘a la i hi m
1_alfatihah_1_7a_4,train/1_alfatihah_1_7a_4/*.jpg,signer-1,ṣi rā ṭa lla żī na a n ‘a m ta ‘a la i hi m,409,1_alfatihah_1_7a_4|1_alfatihah_1_7a_4/*.jpg|signer-1|ṣi rā ṭa lla żī na a n ‘a m ta ‘a la i hi m
1_alfatihah_1_7a_6,train/1_alfatihah_1_7a_6/*.jpg,signer-1,ṣi rā ṭa lla żī na a n ‘a m ta ‘a la i hi m,418,1_alfatihah_1_7a_6|1_alfatihah_1_7a_6/*.jpg|signer-1|ṣi rā ṭa lla żī na a n ‘a m ta ‘a la i hi m
1_alfatihah_1_7a_7,train/1_alfatihah_1_7a_7/*.jpg,signer-1,ṣi rā ṭa lla żī na a n ‘a m ta ‘a la i hi m,453,1_alfatihah_1_7a_7|1_alfatihah_1_7a_7/*.jpg|signer-1|ṣi rā ṭa lla żī na a n ‘a m ta ‘a la i hi m
1_alfatihah_1_7a_8,train/1_alfatihah_1_7a_8/*.jpg,signer-1,ṣi rā ṭa lla żī na a n ‘a m ta ‘a la i hi m,432,1_alfatihah_1_7a_8|1_alfatihah_1_7a_8/*.jpg|signer-1|ṣi rā ṭa lla żī na a n ‘a m ta ‘a la i hi m
1_alfatihah_1_7b_1,train/1_alfatihah_1_7b_1/*.jpg,signer-1,ga i ri l ma g ḍū bi ‘a la i hi m wa la ḍḍā llī n,648,1_alfatihah_1_7b_1|1_alfatihah_1_7b_1/*.jpg|signer-1|ga i ri l ma g ḍū bi ‘a la i hi m wa la ḍḍā llī n
1_alfatihah_1_7b_10,train/1_alfatihah_1_7b_10/*.jpg,signer-1,ga i ri l ma g ḍū bi ‘a la i hi m wa la ḍḍā llī n,635,1_alfatihah_1_7b_10|1_alfatihah_1_7b_10/*.jpg|signer-1|ga i ri l ma g ḍū bi ‘a la i hi m wa la ḍḍā llī n
1_alfatihah_1_7b_2,train/1_alfatihah_1_7b_2/*.jpg,signer-1,ga i ri l ma g ḍū bi ‘a la i hi m wa la ḍḍā llī n,693,1_alfatihah_1_7b_2|1_alfatihah_1_7b_2/*.jpg|signer-1|ga i ri l ma g ḍū bi ‘a la i hi m wa la ḍḍā llī n
1_alfatihah_1_7b_3,train/1_alfatihah_1_7b_3/*.jpg,signer-1,ga i ri l ma g ḍū bi ‘a la i hi m wa la ḍḍā llī n,684,1_alfatihah_1_7b_3|1_alfatihah_1_7b_3/*.jpg|signer-1|ga i ri l ma g ḍū bi ‘a la i hi m wa la ḍḍā llī n
1_alfatihah_1_7b_4,train/1_alfatihah_1_7b_4/*.jpg,signer-1,ga i ri l ma g ḍū bi ‘a la i hi m wa la ḍḍā llī n,649,1_alfatihah_1_7b_4|1_alfatihah_1_7b_4/*.jpg|signer-1|ga i ri l ma g ḍū bi ‘a la i hi m wa la ḍḍā llī n
1_alfatihah_1_7b_5,train/1_alfatihah_1_7b_5/*.jpg,signer-1,ga i ri l ma g ḍū bi ‘a la i hi m wa la ḍḍā llī n,627,1_alfatihah_1_7b_5|1_alfatihah_1_7b_5/*.jpg|signer-1|ga i ri l ma g ḍū bi ‘a la i hi m wa la ḍḍā llī n
1_alfatihah_1_7b_6,train/1_alfatihah_1_7b_6/*.jpg,signer-1,ga i ri l ma g ḍū bi ‘a la i hi m wa la ḍḍā llī n,583,1_alfatihah_1_7b_6|1_alfatihah_1_7b_6/*.jpg|signer-1|ga i ri l ma g ḍū bi ‘a la i hi m wa la ḍḍā llī n
1_alfatihah_1_7b_7,train/1_alfatihah_1_7b_7/*.jpg,signer-1,ga i ri l ma g ḍū bi ‘a la i hi m wa la ḍḍā llī n,575,1_alfatihah_1_7b_7|1_alfatihah_1_7b_7/*.jpg|signer-1|ga i ri l ma g ḍū bi ‘a la i hi m wa la ḍḍā llī n
1_alfatihah_1_7b_8,train/1_alfatihah_1_7b_8/*.jpg,signer-1,ga i ri l ma g ḍū bi ‘a la i hi m wa la ḍḍā llī n,616,1_alfatihah_1_7b_8|1_alfatihah_1_7b_8/*.jpg|signer-1|ga i ri l ma g ḍū bi ‘a la i hi m wa la ḍḍā llī n
1_alfatihah_1_7b_9,train/1_alfatihah_1_7b_9/*.jpg,signer-1,ga i ri l ma g ḍū bi ‘a la i hi m wa la ḍḍā llī n,618,1_alfatihah_1_7b_9|1_alfatihah_1_7b_9/*.jpg|signer-1|ga i ri l ma g ḍū bi ‘a la i hi m wa la ḍḍā llī n
1_alfatihah_3_1_1,train/1_alfatihah_3_1_1/*.jpg,signer-3,bi s mi allā hi rra ḥ mā ni rra ḥī m,296,1_alfatihah_3_1_1|1_alfatihah_3_1_1/*.jpg|signer-3|bi s mi allā hi rra ḥ mā ni rra ḥī m
1_alfatihah_3_1_10,train/1_alfatihah_3_1_10/*.jpg,signer-3,bi s mi allā hi rra ḥ mā ni rra ḥī m,296,1_alfatihah_3_1_10|1_alfatihah_3_1_10/*.jpg|signer-3|bi s mi allā hi rra ḥ mā ni rra ḥī m
1_alfatihah_3_1_3,train/1_alfatihah_3_1_3/*.jpg,signer-3,bi s mi allā hi rra ḥ mā ni rra ḥī m,331,1_alfatihah_3_1_3|1_alfatihah_3_1_3/*.jpg|signer-3|bi s mi allā hi rra ḥ mā ni rra ḥī m
1_alfatihah_3_1_4,train/1_alfatihah_3_1_4/*.jpg,signer-3,bi s mi allā hi rra ḥ mā ni rra ḥī m,324,1_alfatihah_3_1_4|1_alfatihah_3_1_4/*.jpg|signer-3|bi s mi allā hi rra ḥ mā ni rra ḥī m
1_alfatihah_3_1_5,train/1_alfatihah_3_1_5/*.jpg,signer-3,bi s mi allā hi rra ḥ mā ni rra ḥī m,298,1_alfatihah_3_1_5|1_alfatihah_3_1_5/*.jpg|signer-3|bi s mi allā hi rra ḥ mā ni rra ḥī m
1_alfatihah_3_1_6,train/1_alfatihah_3_1_6/*.jpg,signer-3,bi s mi allā hi rra ḥ mā ni rra ḥī m,313,1_alfatihah_3_1_6|1_alfatihah_3_1_6/*.jpg|signer-3|bi s mi allā hi rra ḥ mā ni rra ḥī m
1_alfatihah_3_1_8,train/1_alfatihah_3_1_8/*.jpg,signer-3,bi s mi allā hi rra ḥ mā ni rra ḥī m,298,1_alfatihah_3_1_8|1_alfatihah_3_1_8/*.jpg|signer-3|bi s mi allā hi rra ḥ mā ni rra ḥī m
1_alfatihah_3_1_9,train/1_alfatihah_3_1_9/*.jpg,signer-3,bi s mi allā hi rra ḥ mā ni rra ḥī m,289,1_alfatihah_3_1_9|1_alfatihah_3_1_9/*.jpg|signer-3|bi s mi allā hi rra ḥ mā ni rra ḥī m
1_alfatihah_3_2_1,train/1_alfatihah_3_2_1/*.jpg,signer-3,al ḥa m du li llā hi ra bbi l 'ā la mī n,326,1_alfatihah_3_2_1|1_alfatihah_3_2_1/*.jpg|signer-3|al ḥa m du li llā hi ra bbi l 'ā la mī n
1_alfatihah_3_2_10,train/1_alfatihah_3_2_10/*.jpg,signer-3,al ḥa m du li llā hi ra bbi l 'ā la mī n,314,1_alfatihah_3_2_10|1_alfatihah_3_2_10/*.jpg|signer-3|al ḥa m du li llā hi ra bbi l 'ā la mī n
1_alfatihah_3_2_2,train/1_alfatihah_3_2_2/*.jpg,signer-3,al ḥa m du li llā hi ra bbi l 'ā la mī n,314,1_alfatihah_3_2_2|1_alfatihah_3_2_2/*.jpg|signer-3|al ḥa m du li llā hi ra bbi l 'ā la mī n
1_alfatihah_3_2_3,train/1_alfatihah_3_2_3/*.jpg,signer-3,al ḥa m du li llā hi ra bbi l 'ā la mī n,306,1_alfatihah_3_2_3|1_alfatihah_3_2_3/*.jpg|signer-3|al ḥa m du li llā hi ra bbi l 'ā la mī n
1_alfatihah_3_2_4,train/1_alfatihah_3_2_4/*.jpg,signer-3,al ḥa m du li llā hi ra bbi l 'ā la mī n,306,1_alfatihah_3_2_4|1_alfatihah_3_2_4/*.jpg|signer-3|al ḥa m du li llā hi ra bbi l 'ā la mī n
1_alfatihah_3_2_5,train/1_alfatihah_3_2_5/*.jpg,signer-3,al ḥa m du li llā hi ra bbi l 'ā la mī n,307,1_alfatihah_3_2_5|1_alfatihah_3_2_5/*.jpg|signer-3|al ḥa m du li llā hi ra bbi l 'ā la mī n
1_alfatihah_3_2_6,train/1_alfatihah_3_2_6/*.jpg,signer-3,al ḥa m du li llā hi ra bbi l 'ā la mī n,301,1_alfatihah_3_2_6|1_alfatihah_3_2_6/*.jpg|signer-3|al ḥa m du li llā hi ra bbi l 'ā la mī n
1_alfatihah_3_2_7,train/1_alfatihah_3_2_7/*.jpg,signer-3,al ḥa m du li llā hi ra bbi l 'ā la mī n,305,1_alfatihah_3_2_7|1_alfatihah_3_2_7/*.jpg|signer-3|al ḥa m du li llā hi ra bbi l 'ā la mī n
1_alfatihah_3_2_8,train/1_alfatihah_3_2_8/*.jpg,signer-3,al ḥa m du li llā hi ra bbi l 'ā la mī n,302,1_alfatihah_3_2_8|1_alfatihah_3_2_8/*.jpg|signer-3|al ḥa m du li llā hi ra bbi l 'ā la mī n
1_alfatihah_3_3_10,train/1_alfatihah_3_3_10/*.jpg,signer-3,a rra ḥ mā ni rra ḥī m,201,1_alfatihah_3_3_10|1_alfatihah_3_3_10/*.jpg|signer-3|a rra ḥ mā ni rra ḥī m
1_alfatihah_3_3_2,train/1_alfatihah_3_3_2/*.jpg,signer-3,a rra ḥ mā ni rra ḥī m,200,1_alfatihah_3_3_2|1_alfatihah_3_3_2/*.jpg|signer-3|a rra ḥ mā ni rra ḥī m
1_alfatihah_3_3_4,train/1_alfatihah_3_3_4/*.jpg,signer-3,a rra ḥ mā ni rra ḥī m,203,1_alfatihah_3_3_4|1_alfatihah_3_3_4/*.jpg|signer-3|a rra ḥ mā ni rra ḥī m
1_alfatihah_3_3_5,train/1_alfatihah_3_3_5/*.jpg,signer-3,a rra ḥ mā ni rra ḥī m,203,1_alfatihah_3_3_5|1_alfatihah_3_3_5/*.jpg|signer-3|a rra ḥ mā ni rra ḥī m
1_alfatihah_3_3_6,train/1_alfatihah_3_3_6/*.jpg,signer-3,a rra ḥ mā ni rra ḥī m,215,1_alfatihah_3_3_6|1_alfatihah_3_3_6/*.jpg|signer-3|a rra ḥ mā ni rra ḥī m
1_alfatihah_3_3_7,train/1_alfatihah_3_3_7/*.jpg,signer-3,a rra ḥ mā ni rra ḥī m,199,1_alfatihah_3_3_7|1_alfatihah_3_3_7/*.jpg|signer-3|a rra ḥ mā ni rra ḥī m
1_alfatihah_3_3_9,train/1_alfatihah_3_3_9/*.jpg,signer-3,a rra ḥ mā ni rra ḥī m,203,1_alfatihah_3_3_9|1_alfatihah_3_3_9/*.jpg|signer-3|a rra ḥ mā ni rra ḥī m
1_alfatihah_3_4_1,train/1_alfatihah_3_4_1/*.jpg,signer-3,mā li ki ya u mi ddī n ,181,1_alfatihah_3_4_1|1_alfatihah_3_4_1/*.jpg|signer-3|mā li ki ya u mi ddī n 
1_alfatihah_3_4_10,train/1_alfatihah_3_4_10/*.jpg,signer-3,mā li ki ya u mi ddī n ,190,1_alfatihah_3_4_10|1_alfatihah_3_4_10/*.jpg|signer-3|mā li ki ya u mi ddī n 
1_alfatihah_3_4_3,train/1_alfatihah_3_4_3/*.jpg,signer-3,mā li ki ya u mi ddī n ,195,1_alfatihah_3_4_3|1_alfatihah_3_4_3/*.jpg|signer-3|mā li ki ya u mi ddī n 
1_alfatihah_3_4_4,train/1_alfatihah_3_4_4/*.jpg,signer-3,mā li ki ya u mi ddī n ,182,1_alfatihah_3_4_4|1_alfatihah_3_4_4/*.jpg|signer-3|mā li ki ya u mi ddī n 
1_alfatihah_3_4_5,train/1_alfatihah_3_4_5/*.jpg,signer-3,mā li ki ya u mi ddī n ,201,1_alfatihah_3_4_5|1_alfatihah_3_4_5/*.jpg|signer-3|mā li ki ya u mi ddī n 
1_alfatihah_3_4_6,train/1_alfatihah_3_4_6/*.jpg,signer-3,mā li ki ya u mi ddī n ,185,1_alfatihah_3_4_6|1_alfatihah_3_4_6/*.jpg|signer-3|mā li ki ya u mi ddī n 
1_alfatihah_3_4_7,train/1_alfatihah_3_4_7/*.jpg,signer-3,mā li ki ya u mi ddī n ,185,1_alfatihah_3_4_7|1_alfatihah_3_4_7/*.jpg|signer-3|mā li ki ya u mi ddī n 
1_alfatihah_3_4_8,train/1_alfatihah_3_4_8/*.jpg,signer-3,mā li ki ya u mi ddī n ,178,1_alfatihah_3_4_8|1_alfatihah_3_4_8/*.jpg|signer-3|mā li ki ya u mi ddī n 
1_alfatihah_3_4_9,train/1_alfatihah_3_4_9/*.jpg,signer-3,mā li ki ya u mi ddī n ,185,1_alfatihah_3_4_9|1_alfatihah_3_4_9/*.jpg|signer-3|mā li ki ya u mi ddī n 
1_alfatihah_3_5_1,train/1_alfatihah_3_5_1/*.jpg,signer-3,i yyā ka na ' bu du wa i yyā ka na s ta 'ī n,320,1_alfatihah_3_5_1|1_alfatihah_3_5_1/*.jpg|signer-3|i yyā ka na ' bu du wa i yyā ka na s ta 'ī n
1_alfatihah_3_5_10,train/1_alfatihah_3_5_10/*.jpg,signer-3,i yyā ka na ' bu du wa i yyā ka na s ta 'ī n,317,1_alfatihah_3_5_10|1_alfatihah_3_5_10/*.jpg|signer-3|i yyā ka na ' bu du wa i yyā ka na s ta 'ī n
1_alfatihah_3_5_3,train/1_alfatihah_3_5_3/*.jpg,signer-3,i yyā ka na ' bu du wa i yyā ka na s ta 'ī n,309,1_alfatihah_3_5_3|1_alfatihah_3_5_3/*.jpg|signer-3|i yyā ka na ' bu du wa i yyā ka na s ta 'ī n
1_alfatihah_3_5_4,train/1_alfatihah_3_5_4/*.jpg,signer-3,i yyā ka na ' bu du wa i yyā ka na s ta 'ī n,303,1_alfatihah_3_5_4|1_alfatihah_3_5_4/*.jpg|signer-3|i yyā ka na ' bu du wa i yyā ka na s ta 'ī n
1_alfatihah_3_5_5,train/1_alfatihah_3_5_5/*.jpg,signer-3,i yyā ka na ' bu du wa i yyā ka na s ta 'ī n,311,1_alfatihah_3_5_5|1_alfatihah_3_5_5/*.jpg|signer-3|i yyā ka na ' bu du wa i yyā ka na s ta 'ī n
1_alfatihah_3_5_6,train/1_alfatihah_3_5_6/*.jpg,signer-3,i yyā ka na ' bu du wa i yyā ka na s ta 'ī n,313,1_alfatihah_3_5_6|1_alfatihah_3_5_6/*.jpg|signer-3|i yyā ka na ' bu du wa i yyā ka na s ta 'ī n
1_alfatihah_3_5_7,train/1_alfatihah_3_5_7/*.jpg,signer-3,i yyā ka na ' bu du wa i yyā ka na s ta 'ī n,326,1_alfatihah_3_5_7|1_alfatihah_3_5_7/*.jpg|signer-3|i yyā ka na ' bu du wa i yyā ka na s ta 'ī n
1_alfatihah_3_5_8,train/1_alfatihah_3_5_8/*.jpg,signer-3,i yyā ka na ' bu du wa i yyā ka na s ta 'ī n,317,1_alfatihah_3_5_8|1_alfatihah_3_5_8/*.jpg|signer-3|i yyā ka na ' bu du wa i yyā ka na s ta 'ī n
1_alfatihah_3_6_1,train/1_alfatihah_3_6_1/*.jpg,signer-3,i h di na ṣṣi rā ṭa l mu s ta qī m,249,1_alfatihah_3_6_1|1_alfatihah_3_6_1/*.jpg|signer-3|i h di na ṣṣi rā ṭa l mu s ta qī m
1_alfatihah_3_6_10,train/1_alfatihah_3_6_10/*.jpg,signer-3,i h di na ṣṣi rā ṭa l mu s ta qī m,267,1_alfatihah_3_6_10|1_alfatihah_3_6_10/*.jpg|signer-3|i h di na ṣṣi rā ṭa l mu s ta qī m
1_alfatihah_3_6_2,train/1_alfatihah_3_6_2/*.jpg,signer-3,i h di na ṣṣi rā ṭa l mu s ta qī m,264,1_alfatihah_3_6_2|1_alfatihah_3_6_2/*.jpg|signer-3|i h di na ṣṣi rā ṭa l mu s ta qī m
1_alfatihah_3_6_4,train/1_alfatihah_3_6_4/*.jpg,signer-3,i h di na ṣṣi rā ṭa l mu s ta qī m,270,1_alfatihah_3_6_4|1_alfatihah_3_6_4/*.jpg|signer-3|i h di na ṣṣi rā ṭa l mu s ta qī m
1_alfatihah_3_6_5,train/1_alfatihah_3_6_5/*.jpg,signer-3,i h di na ṣṣi rā ṭa l mu s ta qī m,255,1_alfatihah_3_6_5|1_alfatihah_3_6_5/*.jpg|signer-3|i h di na ṣṣi rā ṭa l mu s ta qī m
1_alfatihah_3_6_7,train/1_alfatihah_3_6_7/*.jpg,signer-3,i h di na ṣṣi rā ṭa l mu s ta qī m,251,1_alfatihah_3_6_7|1_alfatihah_3_6_7/*.jpg|signer-3|i h di na ṣṣi rā ṭa l mu s ta qī m
1_alfatihah_3_6_8,train/1_alfatihah_3_6_8/*.jpg,signer-3,i h di na ṣṣi rā ṭa l mu s ta qī m,260,1_alfatihah_3_6_8|1_alfatihah_3_6_8/*.jpg|signer-3|i h di na ṣṣi rā ṭa l mu s ta qī m
1_alfatihah_3_7a_1,train/1_alfatihah_3_7a_1/*.jpg,signer-3,ṣi rā ṭa lla żī na a n ‘a m ta ‘a la i hi m,275,1_alfatihah_3_7a_1|1_alfatihah_3_7a_1/*.jpg|signer-3|ṣi rā ṭa lla żī na a n ‘a m ta ‘a la i hi m
1_alfatihah_3_7a_10,train/1_alfatihah_3_7a_10/*.jpg,signer-3,ṣi rā ṭa lla żī na a n ‘a m ta ‘a la i hi m,282,1_alfatihah_3_7a_10|1_alfatihah_3_7a_10/*.jpg|signer-3|ṣi rā ṭa lla żī na a n ‘a m ta ‘a la i hi m
1_alfatihah_3_7a_2,train/1_alfatihah_3_7a_2/*.jpg,signer-3,ṣi rā ṭa lla żī na a n ‘a m ta ‘a la i hi m,276,1_alfatihah_3_7a_2|1_alfatihah_3_7a_2/*.jpg|signer-3|ṣi rā ṭa lla żī na a n ‘a m ta ‘a la i hi m
1_alfatihah_3_7a_3,train/1_alfatihah_3_7a_3/*.jpg,signer-3,ṣi rā ṭa lla żī na a n ‘a m ta ‘a la i hi m,270,1_alfatihah_3_7a_3|1_alfatihah_3_7a_3/*.jpg|signer-3|ṣi rā ṭa lla żī na a n ‘a m ta ‘a la i hi m
1_alfatihah_3_7a_5,train/1_alfatihah_3_7a_5/*.jpg,signer-3,ṣi rā ṭa lla żī na a n ‘a m ta ‘a la i hi m,269,1_alfatihah_3_7a_5|1_alfatihah_3_7a_5/*.jpg|signer-3|ṣi rā ṭa lla żī na a n ‘a m ta ‘a la i hi m
1_alfatihah_3_7a_6,train/1_alfatihah_3_7a_6/*.jpg,signer-3,ṣi rā ṭa lla żī na a n ‘a m ta ‘a la i hi m,277,1_alfatihah_3_7a_6|1_alfatihah_3_7a_6/*.jpg|signer-3|ṣi rā ṭa lla żī na a n ‘a m ta ‘a la i hi m
1_alfatihah_3_7a_7,train/1_alfatihah_3_7a_7/*.jpg,signer-3,ṣi rā ṭa lla żī na a n ‘a m ta ‘a la i hi m,277,1_alfatihah_3_7a_7|1_alfatihah_3_7a_7/*.jpg|signer-3|ṣi rā ṭa lla żī na a n ‘a m ta ‘a la i hi m
1_alfatihah_3_7a_8,train/1_alfatihah_3_7a_8/*.jpg,signer-3,ṣi rā ṭa lla żī na a n ‘a m ta ‘a la i hi m,293,1_alfatihah_3_7a_8|1_alfatihah_3_7a_8/*.jpg|signer-3|ṣi rā ṭa lla żī na a n ‘a m ta ‘a la i hi m
1_alfatihah_3_7a_9,train/1_alfatihah_3_7a_9/*.jpg,signer-3,ṣi rā ṭa lla żī na a n ‘a m ta ‘a la i hi m,300,1_alfatihah_3_7a_9|1_alfatihah_3_7a_9/*.jpg|signer-3|ṣi rā ṭa lla żī na a n ‘a m ta ‘a la i hi m
1_alfatihah_3_7b_1,train/1_alfatihah_3_7b_1/*.jpg,signer-3,ga i ri l ma g ḍū bi ‘a la i hi m wa la ḍḍā llī n,514,1_alfatihah_3_7b_1|1_alfatihah_3_7b_1/*.jpg|signer-3|ga i ri l ma g ḍū bi ‘a la i hi m wa la ḍḍā llī n
1_alfatihah_3_7b_10,train/1_alfatihah_3_7b_10/*.jpg,signer-3,ga i ri l ma g ḍū bi ‘a la i hi m wa la ḍḍā llī n,572,1_alfatihah_3_7b_10|1_alfatihah_3_7b_10/*.jpg|signer-3|ga i ri l ma g ḍū bi ‘a la i hi m wa la ḍḍā llī n
1_alfatihah_3_7b_2,train/1_alfatihah_3_7b_2/*.jpg,signer-3,ga i ri l ma g ḍū bi ‘a la i hi m wa la ḍḍā llī n,557,1_alfatihah_3_7b_2|1_alfatihah_3_7b_2/*.jpg|signer-3|ga i ri l ma g ḍū bi ‘a la i hi m wa la ḍḍā llī n
1_alfatihah_3_7b_4,train/1_alfatihah_3_7b_4/*.jpg,signer-3,ga i ri l ma g ḍū bi ‘a la i hi m wa la ḍḍā llī n,536,1_alfatihah_3_7b_4|1_alfatihah_3_7b_4/*.jpg|signer-3|ga i ri l ma g ḍū bi ‘a la i hi m wa la ḍḍā llī n
1_alfatihah_3_7b_5,train/1_alfatihah_3_7b_5/*.jpg,signer-3,ga i ri l ma g ḍū bi ‘a la i hi m wa la ḍḍā llī n,527,1_alfatihah_3_7b_5|1_alfatihah_3_7b_5/*.jpg|signer-3|ga i ri l ma g ḍū bi ‘a la i hi m wa la ḍḍā llī n
1_alfatihah_3_7b_6,train/1_alfatihah_3_7b_6/*.jpg,signer-3,ga i ri l ma g ḍū bi ‘a la i hi m wa la ḍḍā llī n,554,1_alfatihah_3_7b_6|1_alfatihah_3_7b_6/*.jpg|signer-3|ga i ri l ma g ḍū bi ‘a la i hi m wa la ḍḍā llī n
1_alfatihah_3_7b_7,train/1_alfatihah_3_7b_7/*.jpg,signer-3,ga i ri l ma g ḍū bi ‘a la i hi m wa la ḍḍā llī n,538,1_alfatihah_3_7b_7|1_alfatihah_3_7b_7/*.jpg|signer-3|ga i ri l ma g ḍū bi ‘a la i hi m wa la ḍḍā llī n
1_alfatihah_3_7b_8,train/1_alfatihah_3_7b_8/*.jpg,signer-3,ga i ri l ma g ḍū bi ‘a la i hi m wa la ḍḍā llī n,531,1_alfatihah_3_7b_8|1_alfatihah_3_7b_8/*.jpg|signer-3|ga i ri l ma g ḍū bi ‘a la i hi m wa la ḍḍā llī n
1_alfatihah_3_7b_9,train/1_alfatihah_3_7b_9/*.jpg,signer-3,ga i ri l ma g ḍū bi ‘a la i hi m wa la ḍḍā llī n,564,1_alfatihah_3_7b_9|1_alfatihah_3_7b_9/*.jpg|signer-3|ga i ri l ma g ḍū bi ‘a la i hi m wa la ḍḍā llī n
